博主名,笔记标题,笔记内容,点赞数,收藏数,评论数,笔记链接
未知博主,青秀山保姆级路线躺玩全天打卡绝美机位小红书,谁说青秀山只能暴走一整天？这份轻松路线直接码住！不用累到腿软，就能把小地坛、莫奈花园等神仙机位全拍遍，20元门票值到哭！每个景点都好拍，随手就是氛围感大片，连婚纱照都爱在这取景！地点：南宁青秀山风景区交通：地铁：三号线直达青秀山西门园内交通：观光车（5元次）、小火车（10元次），下车再上需重新付费门票：20元推荐：必拍机位：观音禅寺（小地坛）、古今穿越、网红草坪、莫奈花园、荫生植物园行程路线：1西门进，坐1号观光车到观音禅寺，拍小地坛（可求签，10元签）2向右桃花岛方向步行300米到古今穿越机位3桃花坞站坐2号观光车到环山秀坪，大草坪可以看到孔雀42号观光车到北门步行至荫生植物园（15分钟喷一次水），里面有各种各样的绿植5北门转3号小火车到叶子花园，这里可以多留一些时间，逛莫奈花园、水生花园、叶子花园，走到东门还能打卡云端之树小tips：1穿搭建议：浅色系衣物，日系极简风或仙仙小裙子，和景区色彩超适配2晴天更出片，提前查好天气预报，早点出门会更凉快人少也更出片，紫外线强，务必做好防晒3蚊虫较多，记得携带驱蚊水或驱蚊贴，游玩时更省心叫我假日摄影师植物园城市周边游城市里的绝美公园小众游玩路线城市小众打卡地园林生态园青秀山南宁公园南宁旅行,1532,1286,43,https://www.xiaohongshu.com/explore/68e79d28000000000401547c?xsec_token=ABrwdbnppoqfSXRrEufDv4Shkcdzpj15WgiWjImX9Iaaw=&xsec_source=pc_search
未知博主,223青秀山实况：共享郁金香花海小红书,回家一周还怪想去青秀山。丘石花园这粉色郁金香爱了爱了。回家一周生活都不规律了，早上一觉醒来7点半，明天不能这样了图19，丘石花园郁金香图10，音乐大草坪孤独树图11，竹园图1213豆梨图1416叶子花街图17北门桃花坞桃花图18北门绚兰花田金鱼草南宁青秀山莫奈花园花情实况播报春日追花攻略郁金香桃花映江山春天开幕式春节淘个好彩头手机拍照,511,112,76,https://www.xiaohongshu.com/explore/699c13ff000000000b010e46?xsec_token=AB0yUl1vkuGH3S5coyGMiCKJc-06OP6WEfPWy3NBrvg5Q=&xsec_source=pc_search
未知博主,青秀山懒人路线小红书,主打一个坐车北门版本路线：北门正门观光车5号线莫奈花园（水生花园）观光车1号线观音禅寺天池荫生植物园西门出从北门进入，这里有得寄存行李·北门是交通最方便的门之一，门口有观光车和小火车荫生植物园(超多人排队拍照）·交通：从北门入园后，步行约510分钟即可到达。·看点：这里就是烟雾缭绕的仙境所在地。每隔半小时会喷放水雾，拍照非常出片。观音禅寺和古今中外我们没有去，古今中外要爬楼梯。桃花岛这个季节可以不用去因为没花，春季（13月）是赏桃花的绝佳之地，花开时节漫山遍野，非常壮观。我们后面去了莫奈花园，莫奈花园有点远，不去的话可以从西门出在北门直接购买观光车通票，乘坐5号线前往樱花园站，游览莫奈花园内部交通（）：青秀山非常大，徒步游览非常累，强烈建议乘坐观光车。·观光车：·票价：5元人次（单次票）；50元人天（通票，不限次数乘坐三条线路）。·线路：共有3条主要线路，可在指定站点换乘。·1号线（北门线）：连接北门与核心景点（观音禅寺、天池、龙象塔等）。·2号线（西门线）：连接西门与核心景点。·5号线（东线）：连接东门、叶子花园、樱花园（莫奈花园）、中南半岛等。·：风格复古，路线与观光车类似，价格稍贵，适合带小朋友体验。与：·：20元人（性价比极高）。·开放：6002400。·建议游玩时间：上午或下午时段，避开正午最晒的时候我们是830左右从酒店过去，已经很多人了假期去哪玩青秀山好像遇到了绿光森林治愈系森林,843,550,28,https://www.xiaohongshu.com/explore/68e53d6a0000000005002dad?xsec_token=ABLZAOD5aJQFE7nHOcuIgx_vfm4A9W8Tk2YSTg5fu4lxw=&xsec_source=pc_search
未知博主,冬天的南宁青秀山，你美（附半日游攻略）小红书,现在的南宁青秀山，给本北方人带来了ju大的震撼绿意盎然、花团锦簇，好美！线路：北门荫生植物园兰园金杉湖叶子花园（10观光车）水生花园丘石花园北门（20观光车）荫生植物园（图25）就在北门附近，每间隔15min，喷一分多钟的水雾，一定要来这里，圆球球的植物是经典的打卡机位兰园（图67）几个展馆里有各种各样的蝴蝶兰，沿途还有三个小矮人搭配蝴蝶兰，以及像画一样的在墙上栽种的蝴蝶兰，如果时间紧张可以略过金杉湖（图811）阳光和水杉就是绝佳的搭配，在这里拍了好多好多张，一定要有阳光的时候来这里叶子花园（图1214）观光车到东门方向，有大片的三角梅，好多种颜色，很壮观，很推荐这里，还有一颗孤独的树水生花园（图15）就在叶子花园对面，现在在重新栽种，不知道要种什么，时间紧张的话也是可以略过丘石花园（图1618）从叶子花园走到丘石花园，大概需要10多分钟，期间会路过一个大草坪（图16），丘石花园这里一直到18号有菊花展，赶快来看吧观光车停止时间是1800，从丘石花园回北门是20，要注意时间哦南宁南宁青秀山青秀山青秀山拍照南宁旅游广西旅游广西花情实况播报给北方人一点震撼生活美学,772,633,64,https://www.xiaohongshu.com/explore/696835a5000000000e03c7bc?xsec_token=ABxJWysECoLbu152rM_Ar1SQln0oIDbFN0-L4YgetjScU=&xsec_source=pc_search
未知博主,3小时游玩青秀山不废脚出片路线小红书,南宁南宁青秀山青秀山拍照南宁游玩南宁一日游南宁吃喝玩乐南宁拍照青秀山一日游,418,367,8,https://www.xiaohongshu.com/explore/693ac956000000001b033428?xsec_token=ABhRWl_qh1SCDABXgmyfQvFSVmJ0ru-h3Tuhb-Kd2JfVE=&xsec_source=pc_search
未知博主,外地人慎重考虑青秀山小红书,青秀山很漂亮很大，20块的门票也不贵，但是外地旅游慎重考虑，它更适合本地人作为周末或者节假日的避暑目的地慢慢走慢慢品。但是作为一个体量超大的公园，标识系统不足，岔路较多，景点距离远，缺少导览路线规划，一不小心进去腿走断也玩不明白，整体人造自然景观内容为主，缺少互动和旅游互动要素，比较无聊没什么趣味性，很容易浪费旅游的时间。随便围攻但是实话就是这样！！！很漂亮但是外地人不值得专门去！！！很漂亮但是外地人不值得专门去！！！很漂亮但是外地人不值得专门去！！！,234,138,394,https://www.xiaohongshu.com/explore/694293ba000000001e036fc3?xsec_token=ABx7rXZozyyJ0RwnDmYsdlSI5-oHGu1AFnMeg0uT5gsJE=&xsec_source=pc_search
未知博主,无标题,无内容,0,0,0,https://www.xiaohongshu.com/explore/8e7a5f71-00e1-4c81-84ee-1b0e36ac2ea4#1772098568103?xsec_token=ABLI6cPwgl6Ugz3Br2gYv89QacOGq1Wb8lMoWVnXG5BA7CZa9xaoLzjXViG3UR6lqrHvp4zUfZBeJTmNQPFipJXCCN4NqB2-OIA6w2nBAhM0I=&xsec_source=pc_search
未知博主,青秀山真好看小红书,感谢小红书的博主，给了合适的路线，在这个基础上，补充一下一定要北门进（东门现在有施工）第一站步行兰园（有草坪放孔雀）荫生植物园游览拍照预计115小时，这部分特别好，不过孔雀有上班时间，上完班就回家休息了。荫生植物园最明智的就是看到一位拍照小姐姐，直接开拍，专业的事儿得专业的人干逛完后走到北1门，200米左右，非常近，观光车2号到观音禅寺（有素斋，有茉沏，有老友粉），溜溜达达，重点：结束后，坐观光车2号到北1门，这个是我们临时定的，这个决定很明智，坐着观光车把2号线的桃花岛，状元泉，草坪等都看了，做观光车真好北1门走到北门，坐小火车到东1门，看花海。因为自驾停在北门，所以结束后坐小火车回北门。,1027,921,98,https://www.xiaohongshu.com/explore/696c7de20000000021033a4f?xsec_token=ABibojo7PDR6KkOvLD4b1QDT4uS5KaqKitW_Yrm2Z1LaM=&xsec_source=pc_search
未知博主,南宁青秀山轻松逛完不累脚路线小红书,来青秀山玩总是担心逛不完又累得够呛？别担心！超适合打卡出片的经典路线，让你4小时轻松玩转青秀山，还不累脚哦·超省力路线规划北门兰园荫生植物园观音禅寺桃花坞穿越古今打卡点环山秀坪荷花池步云门桂花园水生花园东门·详细游玩路线1从北门进入，顺着路向左走，很快就到兰园啦。这里的兰花品种繁多，色彩斑斓，随手一拍就是大片。2离开兰园，旁边就是荫生植物园。要是赶上喷水雾的时候，那氛围直接拉满，梦幻极了！而且这里还有经典的悬吊绿毛球打卡机位，出片率超高。3出了荫生植物园，返回路口坐观光车前往观音禅寺。要是逛累了，还能在这里吃顿斋饭。4从观音禅寺出来，沿着右边往桃花岛的路走，看到桃花坞由此去的指示牌，顺着步道下去，就能找到网红机位穿越古今打卡点啦。这里拍照超有感觉，一定要来打卡。5拍完照，返回观音禅寺坐车到环山秀坪。这里可以看到孔雀哦，我们看到了两只，小朋友超兴奋的6穿过草坪就到荷花池了。我去的时候荷花已经谢了，但池塘景色还是别有一番风味，出片效果超棒。7坐小火车到水生花园，这里有莫奈花园、叶子花园，还有高大的美人蕉花园，走进花丛中，轻松拍出绝美大片。结束行程就从东门离开啦。·实用小Tips荫生植物园喷水雾每半小时一次，每次三分钟，可别错过这个绝佳拍照时机哦！园内观光车有多条线路，一定要注意看清楚；游览车路线和景点地图，建议提前保存在手机里，方便查看。青秀山每个季节都有不同的花，可根据花期和喜好来选游览景点哦。比如春天去看桃花，夏天赏荷花。·赶紧按照这个路线去青秀山玩一趟吧，保证让你轻松又愉快南宁青秀山青秀山游玩攻略4小时逛青秀山南宁旅游值得N刷的宝藏出游地植物园像莫奈花园般的云台花园避开人流的小众赏花地城市里的绝美公园出游好去处穿越热带雨林小众遛娃地南宁青秀山,2678,2144,43,https://www.xiaohongshu.com/explore/682807400000000012005f15?xsec_token=ABM6VAKGxN8YEVvyPUOVzxa6fLlBjkWugUO3XXG9GjiuU=&xsec_source=pc_search
未知博主,青秀山建议从哪个门进去啊？？？？不拍照3小时可以逛完吗？当地人推荐南宁旅游青秀山小红书,青秀山建议从哪个门进去啊？？？？不拍照3小时可以逛完吗？当地人推荐南宁旅游青秀山,2407,2968,356,https://www.xiaohongshu.com/explore/695f181a000000001a023eeb?xsec_token=ABbJYPTFKiTd4X1hD_dBj4Q50UYH6cu2QPmErbV4F_mfw=&xsec_source=pc_search
未知博主,210青秀山实况：误入郁金香花海，雨天也浪漫到犯规南宁青秀山的郁金香开疯了！雨天的花海自带滤镜，雾气缭绕，花瓣带露，每一帧都像电影截图。从郁金香花田到三角梅瀑布，再到雾中的桃花坞，一步一景，美到失语。春天的浪漫，一半是花，一半是雨，而青秀山，把这份浪漫做到了极致。青秀山南宁治愈系风景莫奈花园绿野仙踪周末去哪儿手机里第一张春天春天开幕式春节淘个好彩头雨天拍照小红书,210青秀山实况：误入郁金香花海，雨天也浪漫到犯规南宁青秀山的郁金香开疯了！雨天的花海自带滤镜，雾气缭绕，花瓣带露，每一帧都像电影截图。从郁金香花田到三角梅瀑布，再到雾中的桃花坞，一步一景，美到失语。春天的浪漫，一半是花，一半是雨，而青秀山，把这份浪漫做到了极致。青秀山南宁治愈系风景莫奈花园绿野仙踪周末去哪儿手机里第一张春天春天开幕式春节淘个好彩头雨天拍照,348,80,58,https://www.xiaohongshu.com/explore/698ac116000000000a03355f?xsec_token=ABfRp8qLgOaM5RvnJp58dG841iOw4hmRDe0O4kL7mXLv0=&xsec_source=pc_search
未知博主,春节初四南宁青秀山攻略，东门进全程没排队小红书,东门进北门出，因为想以看花为主且尽量避开人流，北门出感觉也更好打车。事实证明挺正确的，下午两点左右看到东门人超多，此时我们已经坐园内小火车去北门了。路线：市区打车到东门步行到叶子花园步行到水生花园步行到莫奈花园步行到丘石花园小火车到北门荫生植物园北门打车回市区酒店（10点入园，15点半出园，每个景点尽情拍照不赶路）叶子花园（P2P5）：强推必去！照片拍出的远远没有肉眼看到的壮观。第一次看到规模这么大，各种颜色的三角梅，建议可以穿纯色浅色衣服去拍会很出片水生花园（P6P8）：大飞燕感觉部分已经有些开败了，但是沿着湖边的犄角旮旯出都布满了各类花莫奈花园（P10P11）：感觉现在不是睡莲的最佳时候，部分都是半开，全绽放的时候应该更好看丘石花园（P12P16）：郁金香开大会，推荐去。半小时一次喷雾，S弯处郁金香和雏菊掩映很出片荫生植物园（P1P18）：收集展示了各类萌生植物390多种，一进去仿佛进入了侏罗纪公园里面的热带雨林，推荐去费用：提前一天线上买门票会便宜，人均18元，性价比挺高。园内交通丘石花园去北门小火车人均20元。人均共38元。春天开幕式春日追花攻略南宁南宁旅游春节旅游青秀山广西旅游,911,899,95,https://www.xiaohongshu.com/explore/69986013000000001b016ffa?xsec_token=AB1QIAmiGMN94ST_lElVw_qcdEpa0FvVaNFiBr-9EMbVY=&xsec_source=pc_search
未知博主,南宁青秀山灯会实测无坑！完整版游玩攻略小红书,门票amp游玩时间1700前入园：灯会门票18元（可联系主包）1700后入园：灯会门票48元推荐1630前抵达，有效避开拥堵与排队高峰入园优选入口认准这个门不绕路直接打车前往青秀山东门进门直达灯会核心区域，无需乘坐小火车、无需排长队仅观赏灯会的话，切勿选择其他入口，往返折腾耗时费力环线游览路线全程不走回头路1叶子花园amp梨花林天黑前在此拍照出片率极高，梨花纷飞氛围感拉满，还能休憩等候花灯亮起2梅园·千灯愿长廊日落15分钟后的蓝调时刻，拍摄千灯小径效果绝佳3音乐大草坪打铁花、无人机表演均在此上演无需拥挤在湖边，周边高坡观景视野更佳无人机与打铁花表演仅初八前开放，初八后取消4梦幻城堡本届灯会人气最高花灯，沿湖全程可拍摄，必打卡点位5奇异植物园林间小路氛围感十足，角落装饰精致细腻，小众拍照圣地6侏罗纪公园灯会核心区域，大型灯光装置密集分布，沉浸式体验灯海美景游览结束后直接返回东门，形成完美游览闭环离场实用技巧出园后通过天桥前往马路对面打车，避开拥堵，叫车效率更高灯会南宁青秀山灯会南宁旅游攻略青秀山游玩攻略南宁拍照春节去哪儿,128,109,31,https://www.xiaohongshu.com/explore/699928a0000000000c035fcc?xsec_token=ABb6dD341N0uJFZhNHFQ62YW1Ff3PVLtlFrMDxOBqLNWc=&xsec_source=pc_search
未知博主,青秀山3小时暴走，附懒人路线小红书,4点从青秀山东门冲，把精华景点逛了个遍！进门直接扎进叶子花园莫奈花园，两个园子连在一起。逛完坐10元小火车到北门兰园，走几分钟就是荫生植物园，接着步行去丰收稻田，最后到魔幻森林，脚有点软，虽然没看成非遗火艺表演，但这趟已经够满足。中途还就看见了彩虹打卡路线：东门叶子花园、莫奈花园北门兰园（乘坐小火车）荫生植物园丰收稻田魔幻森林北门真心建议时间充足的宝子：从北门坐小火车去观音禅寺，古今穿越机位能俯瞰整座城，风光绝了！大疆pocket3青秀山青秀山攻略南宁景点打卡,532,505,15,https://www.xiaohongshu.com/explore/68e28de40000000005000b87?xsec_token=ABfdrV1_R8XkFEqhkHwR78WNU091hB3B8z-f8gNoUH1jU=&xsec_source=pc_search
未知博主,213半天速通南宁青秀山小红书,跟着p18博主攻略走的，很清楚高效最后我们实际路线北门荫生植物园兰园观音禅寺步云门丘石花园叶子花园东门不急着赶路10点半北门，快3点东门离开其中也是有回头路的不过要换乘就无法避免p12打车到北门路上遇到超好的司机大哥还遇到很多ld车p35荫生植物园人最多的地方都在拍照打卡隔15分钟会喷雾跟厦门植物园差不多吧p6兰园有很多漂亮的蝴蝶兰p7观音禅寺殿很多，不用爬什么台阶p89步云门这站没什么人，但体验不错走在台阶上两侧绿荫遮着很安静有种神之道的感觉最上面龙象塔是重建的沿楼梯可以9层爬上去p1014丘石花园被xhs上美图骗来的感觉这块养护成本很高开过了就换一批新的很多阿嬷在种花路上泥很多不及预期p15叶子花园这片全是三角梅真走不动了在上面随便咔了一张p16三人战绩可查能坐车就坐车吧本人是兰园出来就累了青秀山青秀山攻略,617,657,22,https://www.xiaohongshu.com/explore/698f4b29000000001a028953?xsec_token=AB758bU8MzPDFBZ5U5aytmZnPSWxy_VlD8VaBaspec_yQ=&xsec_source=pc_search
未知博主,青秀山不费脚攻略（新春灯会版）小红书,青秀山真的很美！但景区太大了，这次来主要想看新春灯会的表演顺便看看应季花，所以只选择了东区。东门进东门出（1700前进门票20r）1东门进去就是叶子花园，主要看各种颜色的三角梅，漫山遍野很好看2叶子花园往下走到莫奈花园，很有油画感，旁边还有一些水生植物3逛完莫奈花园后往坡上搭小火车的地方走，搭乘110r人的小火车到南区（丘石公园）看郁金香，非常适合出片，别忘了往里走走看河边的郁金香，每隔半个小时会放水雾，仙气飘飘的感觉4跟着指示牌走到音乐大草坪（400m左右）就到达观看表演的区域了，附近也有一些小吃，第一场表演是晚上720830，可以提前吃点东西表演有两场，第二场是晚上850开始，人会少一些，如果不赶时间可以趁着第一场散场的时候挑选好一些的位置歌舞表演和无人机只到224（初八），飞天舞狮、飞天火壶、非遗打铁花和火艺秀到33（元宵）5看完无人机表演去逛花灯，跟着人流走，边看花灯边走到出口即可，不用走回头路青秀山,45,38,15,https://www.xiaohongshu.com/explore/699cffb5000000001a01ce99?xsec_token=AB0yUl1vkuGH3S5coyGMiCKNOv9jKjizltvjp1YWakAbY=&xsec_source=pc_search
未知博主,年初二打卡青秀山小红书,早9点东门进，12点北门出，完美避开人流。路线如下：打车至东门步行穿过叶子花园步行至丘石花园（约15km，可租电动车开过去）小火车20元人至北门荫生植物园北门打车离开，如果要去古今同框打卡，从北门再坐个5元的车到观音寺后步行可到，我们坐小火车路过那里，觉得天有点阴拍照可能一般，没有去了。叶子花园（P1P3）：惊艳，当之无愧的今日最佳，第一次看到这么多颜色这么大片的三角梅，里面有很多可以打卡的机位。丘石花园（P7P11）：郁金香欧式园林，郁金香有部分还没有全开。荫生植物园（P12P16）：很多没见过的花花草草。P4P5是从叶子花园到丘石花园路上，黄风铃，梅花，大草坪（春天绿了应该美翻）。目前油菜花还很稀疏，黄风铃偶有几株开花，樱花还没上新，这几种花开起来加上绿草地，不敢想有多美，羡慕南宁本地人有这么美的后花园。虽然离开时候人有点多了，但比起成都的锦里武侯祠大庙会之类的春节景点，还是非常舒适的，强推。,364,294,65,https://www.xiaohongshu.com/explore/69956a1b000000000903a870?xsec_token=ABJgOr2CckGvXRBl0rQ3B14Kn7uU1x04weWJzvorAFAUk=&xsec_source=pc_search
未知博主,是谁低估了南宁青秀山小红书,是我是我整个广西的旅程本来是不在南宁停留的无意间在上刷到青秀山，被荫生花园的图吸引了，决定改行程在这儿停留一天下午四点入园的，为了避免太晒，因为我们还想留着晚上看夜花园。但是说实话真的有点赶，整个公园很大很大。为了趁着有太阳，我们先从北门进的，先去了荫生植物园。水雾起的时候拍照真是绝美。然后坐小火车到东门，叶子花园，莫奈花园，水生植物园都在东门这边。中间会经过樱花园，这里春天花开的时候一定很美。整个公园很大很大很大，4个小时是逛不完的，建议分开两天来逛，而且9月还是很热晚上我们留着看了夜花园，我低估了整个灯会的规模，南宁人真的太用心了，一整片里面都是各种场景，而且每个场景都放着原生态的虫鸣声。最壮观的是稻田，真的感觉有一亩地。技术有限，拍不出这个灯会的壮观。P1东门口P24荫生花园P57莫奈花园P810东门孤独的树P1116夜花园敲重点，如果想去夜花园的，建议从东门进，东门拍完了坐小火车来北门这边。下午5点之前到这边，就不用加夜花园的门票了。如果没有赶上的话，要加25块的差价南宁青秀山青秀山灯会荫生花园城市后花园偶遇梵高南宁拍照青秀山北门青秀山攻略青秀山公园,701,407,129,https://www.xiaohongshu.com/explore/68b9bab9000000001c00fcef?xsec_token=ABCOV42CZvj_j0-0Ya2ohqRNazCUwMYctIRqw22-lsuPI=&xsec_source=pc_search
未知博主,Nanning青秀山小红书,作为一个山东人，第一次来广西第一站就来到了青秀山穿越热带雨林不得不说环境非常好，门票20，如果带着家人来可以玩一天我们只是去有名的观音禅寺看了看，香火很旺从门口徒步3公里就可以到达，我们不是节假日去的人也不少，但是环境没得说，景区里还有观光车不喜欢走路的可以坐车，车票好像只要五块钱来南宁的小伙伴可以来逛一逛一起爬山吧园林生态园森林氧吧漫步森林氧吧尽情呼吸,77,17,3,https://www.xiaohongshu.com/explore/68fb0bf40000000007034615?xsec_token=ABxpr5xi9wutwIqopGh1Zizkk8riZ2XVaBUbsqjvb3uYk=&xsec_source=pc_search
未知博主,广西·南宁青秀山风景区·绿野仙踪小红书,南宁美食很丰富不过真的没什么好玩的地方，但青秀山真的很值得一去是南宁植物园也是5A级景区，核心景区主要集中在北门和东门附近。门票：20r人，老人学生儿童半价（可以提前一天看看各大app有没有活动，有活动的时候18r人）观光车车票：西门北门：单程5r人北门东门：单程10r人西门东门：单程20r人游览顺序：1建议先打车至北门，热门的荫生植物园步行约2300米就能到达，再游览兰园和桂花园。（PS：不是桂花季节可不去桂花园。）2返回至北门后坐观光车至东门，按顺序游览叶子花园、竹园、水生花园，最后是莫奈花园，结束可从东门离开。一键播放春天森林治愈系植物园天然森林氧吧南宁旅游南宁旅行南宁植物园南宁青秀山童话里的绿野仙踪误入了莫奈的花园,149,57,8,https://www.xiaohongshu.com/explore/69876162000000000c035fa5?xsec_token=ABVyDtbyq0Wd0UvDAr0GlgzyrT1rotiO6PELa5nJeDe2M=&xsec_source=pc_search
未知博主,南宁青秀山拍到了生命力蓬勃生长的模样！小红书,在南宁，总要去一次青秀山吧！地点：南宁青秀山地铁乘3号线至青秀山站，B出口步行可达西门3号门，直达热门区域。公交西门：B10、32、89、94路等至凤岭南青山路口站。北门：B10、32、121路等至青秀山北门站。东门：W34路，或周末及节假日旅游2路至青秀山东门站。自驾停车：北门、西门、东门均有停车场，机动车计时收费，北门有充电桩，可过夜。贴士门票20元（学生半价），建议购34元观光车通票穿梭景点。南宁拍照青秀山攻略南宁青秀山拍照姿势公园拍照户外拍照周末去哪儿治愈系风景植物园拍出生命力,14,6,0,https://www.xiaohongshu.com/explore/68f48184000000000503a0f9?xsec_token=ABrBl3Pc5s8Q8y-mCsPi40wQtwrCtjlGh33TFYlTMc8TI=&xsec_source=pc_search
未知博主,青秀山最新导览图(附游览车路线和票价)小红书,青秀山最新导览图南宁青秀山青秀山灯会,440,169,14,https://www.xiaohongshu.com/explore/6948c8c9000000001e034217?xsec_token=AB1Gag_RAqoYkJ6GLZeQYXxPse4RpF7yVFRw_FYp84cLE=&xsec_source=pc_search
未知博主,青秀山懒人版超全攻略小红书,青秀山超大，但我只用四个小时玩好了。选择合适的交通，按照以下游玩路线，你也能做到！交通方式：公共交通：北门进，西门出自驾：北门进，北门出1从北门进入向左走到兰园2旁边就是荫生植物园，喷水雾时很梦幻，还有经典悬吊绿毛球打卡机位3出园后返回路口坐观光车到观音禅寺4出来后沿右边往桃花岛的路上，看到指示牌写着桃花坞由此去，沿步道往下走到达网红机位穿越古今打卡点5返回到观音禅寺坐车到环山秀坪，听说这里有孔雀，但是那天没看到6穿过草坪到荷花池，去的时候已经没有荷花，但池塘景色还是很出片7荷花池往上到步云门乘车到北门就可以到停车场了景区内交通：景区内可以步行，间隔比较远的景点之间坐小火车or观光车。小火车10元趟，观光车5元趟。游览车六点钟结束，记住！！！拍照穿搭出片推荐：浅色素雅的法式和森系温馨小提示：青秀山森林覆盖率很高，蚊虫较多，记得做好防护最后小仙女玩得愉快，可以随时在线解答哦照片均是素人约拍客片,3292,3604,53,https://www.xiaohongshu.com/explore/68a69841000000001d021e89?xsec_token=ABq-K3uT_yJpGpAR9vh-qeozTD_f7EWyU4HKGX5gVz-Hs=&xsec_source=pc_search
未知博主,最全的三角梅万能拍照姿势来啦！！小红书,近期闲来无事，只为花忙给大家整理了36个三角梅拍照不重复姿势希望大家都能拍出美美的照片三角梅拍照花墙拍照姿势三角梅拍照姿势三角梅拍照姿势拍照姿势拍照姿势不重样拍花姿势青柠拍照呀南宁约拍南宁女摄青秀山三角梅青秀山约拍女摄三角梅拍照穿搭三角梅穿搭,470,362,2,https://www.xiaohongshu.com/explore/67fb3df8000000000f030926?xsec_token=ABzXnCE7TwyLzjgCdUubQjrpttDBwmIEJHIKgMU0m3ZDM=&xsec_source=pc_search
未知博主,青秀山你漂亮成这样（3h超轻松攻略）小红书,南宁市内的5A景区，实在是漂亮！都过来吸氧！关于门票成人票20，学生票半价10关于路线北门荫生植物园观音禅寺桃花坞（古今中外观景地）环山秀坪北门西门从北门先步行到荫生植物园，一定要来这里，太好看了，每隔15分钟会喷水，有雾气真的很梦幻，很容易看到丁达尔效应。然后出门去买观光车票(记住不是游览车是观光车)买三张。先去观音禅寺，然后到了可以去参观，不参观就沿着桃花坞方向走，会碰到三个观景台，可以边走边坐，眺望整个南宁的风景。然后走到穿越古今观景台，前面是现代建筑后面是古代建筑。继续往桃花岛方向走，走到桃花岛乘车中心(找不到可以导航)上车去环山秀坪，一大片草地，巨好看，后面是树林。可以拍很多草地照，还有孔雀，附近还有荷花。累了就可以坐车离园了，大概半天时间。注意注意一定要带防蚊的东西，绿植多蚊子也多。还有风扇或者扇子，里面还是很热的。祝大家玩的开心！南宁青秀山青秀山拍照攻略旅游一起逛公园吧植物园夏天,1061,622,23,https://www.xiaohongshu.com/explore/68896e85000000002203b50d?xsec_token=ABsIqkElsIdWTtvk43OG5MuCzC_HF80nS9klba_g0kSN8=&xsec_source=pc_search
未知博主,816青秀山实况：雨林大观真的美到窒息小红书,今天也是北门走了一圈甚至因为有点阳光，还跑了一小段北门丛林栈道观景台萧台雨林大观环山秀坪天池苏铁园三宝路花梨路荫生植物园兰园北门。为什么每天在丛林栈道观景台逗留观景台风好大，超凉快，面朝东方，看会日出，远眺音乐大草坪和丘石花园还有远处媒体中心艺术中心。萧台，往上走就是青秀山最高点雨林大观，整点喷雾，最早一次喷雾8点，从北门走到观景台1520分钟，观景台走到雨林大观1520分钟。环山秀坪，9点孔雀出来活动，雨林大观走下来5分钟。旁边的荷花池9点喷雾（去年偶遇一次），应该也是整点喷雾。喷雾时，桥上行人像仙境中游走龙象塔也值得一登高望远可惜了8点半才能上去南宁青秀山治愈系风景童话里的绿野仙踪绿野仙踪100天运动打卡挑战小红书兴趣季小红书外人节周末去哪儿绿色系,2044,856,128,https://www.xiaohongshu.com/explore/68a02f78000000001d001cbe?xsec_token=AB3aAyB-J8v_Zoiw2qFvU0KZcw5vS9zk_Rr-d05gEdnJ0=&xsec_source=pc_search
未知博主,广西很灵的寺庙小红书,南宁青秀山观音禅寺这几年每次回国都回来烧香祈福的寺庙。弟弟二战gongwuyuan的那一年，来求了弟弟顺利上岸；爸爸查出糖尿病的那一年，来求了爸爸身体健康；外公前两年身体欠佳，来求了老人健康长寿。现在弟弟已经成功上岸，爸爸的病情得到了很好的控制，外公虽然有时候小病缠身但仍耳聪目明，状态不错。去年过年带了巴厘岛男朋友来，上了香，请了酥油斗烛，为我们的结合祈福。在心里祈福的时候，有一股暖流涌起，差点落了泪，这是之前来这里祈福没有过的。男朋友也用他自己的方式和庙里的shen明祈求了祝福。我问他和庙里的shen明聊得怎么样，他说没有聊上，可能因为是语言不一样。但是他的到来受了欢迎和祝福。接着2024年年底我们就顺利地举办了婚礼。这段跨国婚姻，从一开始的被怀疑，到最后受到了家里所有人的祝福，意外地顺利。新的一年，希望能抽空去还愿。也祝福2025年家人朋友们平安喜乐、幸福安康！寺庙旅行在寺庙当一刻钟的佛系青年主打一个心诚则灵寺庙祈福愿你所求皆所愿寺庙爱好者寺庙在上班和上进间选择上香愿所得皆所期所求皆所愿上学和上进中选择了上香,1014,366,133,https://www.xiaohongshu.com/explore/6777e4d2000000000800d2a4?xsec_token=ABAJeLl0HDkouQfPw_CQLc_wfIs-kgioSt67GQoX57-t4=&xsec_source=pc_search
未知博主,无标题,无内容,0,0,0,https://www.xiaohongshu.com/explore/eaeec2af-b955-46c2-981c-7240c4bf146a#1772098568933?xsec_token=AB7nupe3IDdIj47M7XjDAUJv4r_iz0KUHZJqkniEPjH97P4FDop2A-iWvi5Yanntkd5c6TsNi9sz1_Z033Cv3bBMawyz8GXlKRkEpwCjuZNZg=&xsec_source=pc_search
未知博主,借几张南宁青秀山照片青秀山下午一点多去的，快把我晒糊了公园好大，从东门进的后来坐了小火车去了北门小红书,借几张南宁青秀山照片青秀山下午一点多去的，快把我晒糊了公园好大，从东门进的后来坐了小火车去了北门,144,54,347,https://www.xiaohongshu.com/explore/689b197c000000001d0179e7?xsec_token=ABRerpysDKPe-5oAX6HWyOaEtNDrzSot7Pcz9FKPLsFXY=&xsec_source=pc_search
未知博主,715青秀山实况：那么近那么美每天逛逛小红书,荫生植物园不愧是青秀山的顶流()每次路过都忍不住拍几张这几天雾太大了青秀山南宁100天运动打卡挑战手机拍照治愈系风景绿野仙踪夏天来了绿色系花情实况播报小红书游学团,874,219,120,https://www.xiaohongshu.com/explore/6874c3e50000000012015d1d?xsec_token=AB4LWM2KQJbsSJKFgc9ryHZR2lCsVl8G1gQ3TLac8_gEo=&xsec_source=pc_search
未知博主,无标题,无内容,0,0,0,https://www.xiaohongshu.com/explore/699ec986000000002801fd44?xsec_token=ABi8n4xnI00PHyPWIuQZ2MJ8gWaeV4gyD78PpWt8Af338=&xsec_source=pc_search
未知博主,5元的观光车，青秀山你糊涂啊！小红书,20元的门票居然有如此丰富的美景！5元人的观光车如此舒爽！！真的应该大肆宣传！！青秀山的海拔不算高，但是面积非常之大内容也非常丰富，有热带园林，泰国风情，樱花园，荫生植物园等等，不仅种类丰富，而且园内的装置的审美非常在线！整个园区的道路非常大非常美，随处可见的蜿蜒道路，就算在周末人也不多。阴天也很美丽的地方建议预留5个小时游玩游玩路线步行12公里：北门荫生植物园观音寺古今中外打卡点到桃花坞（过季了）青秀山最高点雨林路环山秀坪乘坐观光车游玩（公园1号线）：环山秀坪西门（有地铁站），途径好几个景点，有兴趣的可以下车。一定要坐观光车！在此起彼伏的路上和美景包围之下，简直就是沉浸式体验过山车一般观光车5元人自动贩卖机的水和外面一样的价格！！古今中外在观音寺出来向右走第三个观赏亭（桃园邀月），向右下去可以看到官方指示牌，不过背光拍摄出图一般般。普通的观光车是5元人，小火车10元人，途径了景点可以下车，但是再次上车就需要再次付费。强烈推荐步行观光车结合游玩环山秀坪的草坪非常美！草皮很完整都是绿油油的！青秀山已经超越了华南植物园在我心里的地位了！大自然国庆去哪儿玩国庆旅游广西广西南宁旅游青秀山广州周边游广州周末去哪儿性价比高,2468,1554,153,https://www.xiaohongshu.com/explore/66f22c3b000000001b022685?xsec_token=ABrEh6nx-oQdZX7b6lv8R672pf5_M-F4f0Tcf0R2lzFcc=&xsec_source=pc_search
未知博主,224青秀山实况：风铃花打卡替你们去了！小红书,外围看只有几棵黄花风铃木开花，走到风铃谷里面，开了挺多豆梨花臭臭的，拍照确实仙气图13黄花风铃木图49丘石花园郁金香图914豆梨园豆梨花海图1518莫奈花园青秀山南宁莫奈花园赏花拍照攻略春天开幕式花情实况播报郁金香治愈系风景周末去哪儿白色系,599,102,133,https://www.xiaohongshu.com/explore/699d4508000000000a029681?xsec_token=ABe8KFsa6K7sUEOdApzP-ewNxWUuTX0WOWqzu4XBRMvTw=&xsec_source=pc_search
未知博主,南宁青秀山就这值20块小红书,我的天呀，青秀山太会了吧！东门的菊花展还值得哦，就光在这看看拍拍就已经半天时间过去了怪不得搞一票玩三日呢公园景区旅游攻略菊花）菊花赏花户外,224,80,36,https://www.xiaohongshu.com/explore/695f9d3e000000001a026546?xsec_token=ABbJYPTFKiTd4X1hD_dBj4Q09EdUSFMpyLjUUcvZ2G-6s=&xsec_source=pc_search
未知博主,攻略青秀山广西南宁小红书,攻略青秀山广西南宁,272,305,64,https://www.xiaohongshu.com/explore/6995ac26000000001a0354ce?xsec_token=ABJgOr2CckGvXRBl0rQ3B14OX5R7R-FqQgSvcqj3r1iJA=&xsec_source=pc_search
未知博主,南宁青秀山你绝美！今日无数次打开相机小红书,我宣布青秀山就是南宁最值得来玩的景区不用挤人山人海，不用等网红打卡点，按我的路线走，轻松出片不踩雷出行Tips：门票20人，建议自驾，一定从东门进。如果早上去的话人超级少，基本可以承包整个公园东门进直接冲丘石花园，中间别停留我们是乘坐观光车去的，步行大概30分钟，沿途全是工作人员，问路很方便返程再慢慢逛，不浪费每一处风景绝美水边S弯：喷雾是正点每30分钟一次，可以跟着喷雾时间调整步行速度到菊花展正门后，再走5分钟就到水边啦S弯小道旁有个上坡，上去以后就能看见小猪佩奇，再往前没多远就是图1图4的白雪公主和小矮人，这个部分的菊花我最喜欢！面积小小的但五颜六色的超漂亮超出片。南宁拍照南宁小众公园南宁周末去哪儿南宁遛弯圣地周末去哪儿小红书赏菊大会赏花好去处南宁拍照南宁旅行青秀山拍照花情实况播报南宁同城广西旅游广西,651,291,36,https://www.xiaohongshu.com/explore/6943b476000000001f0041c9?xsec_token=ABE5-FVqc0fF-454bO_ZreL8rNWbvakj99VwCtxV3lJHw=&xsec_source=pc_search
未知博主,南宁你美！小红书,南湖公园p1p7，免费公园很大但是太热了我们就逛了名树博览园就是p1那个地方真的好美青秀山p8p15门票20里面也是很大每换一个地方需要乘坐小火车5元起步，我们去了很火的萌生植物园p12那个水雾要等15分钟（具体忘记了）才喷一次感觉不到一分钟就停了蛮好看的就是人太多了，然后就做了小火车10去水生花园，除了p12其他都是在这个地方，美是美但是真的太热了而且没有遮挡的地方，赶紧拍完就坐小火车回去了南宁南湖公园青秀山公园拍照广西旅游谢谢大自然被大自然治愈了,985,475,32,https://www.xiaohongshu.com/explore/68a8562f000000001d021ac1?xsec_token=ABixiWPAnVvREvrcbyAZ-BwXe8PXFP6DKgAeH15kmjyow=&xsec_source=pc_search
未知博主,青秀山，半天这个路线走逛包出片的！！小红书,过年的青秀山这么多很多人，但是也这么多很美呀！！！花灯摆设感受到了满满的过年氛围！每一处的花花都开得好美呀！绝了！路线推荐：半天时间中午从东门进先逛叶子花园拍三角梅下来到水生花园拍各种小草花往右走到梨园拍梨豆花超级，绿叶白花，超级仙到这里可以直接坐小火车去南门丘石花园拍绝美郁金香了走出来在音乐草坪的河边看打铁花水上飞人表演！！结束青秀山拍照青秀山攻略一键播放春天交换春天春天开幕式梨花青秀山拍照青秀山东门青秀山樱花青秀山梨花,22,12,0,https://www.xiaohongshu.com/explore/699bd8b2000000001b01ff8b?xsec_token=AB13t8-SEquXXZifEhCUShU5CtlrJVuR0-G0Sg4BUJs2A=&xsec_source=pc_search
未知博主,南宁结束小红书,D1博物馆三街两巷打铁花D2青秀山茶敷洗头吃：遍地都是老友粉，被酸笋腌入味，嗦了三天粉，选的两家饭店一家比较特色，另外一家连锁不推荐喝：随机喝到了一些水果果茶，最喜欢青芒果盐汽水，虽然能喝到一些粉粉的东西，但喜酸人士狂喜玩：博物馆人流不算多，准点会有免费讲解可蹭；青秀山，85湿度32度的天气，含氧量超高，低能量人士爬了五个小时依然剩个底电，小火车点位挺多的，但要注意都是单程票，下车即作废乐：爬山后朋友找了家据说是当地特色的茶敷洗头，连搓带洗加头部肩颈按摩，一套下来感觉自己是一颗被搓得发光的果酱烤鸭住：这次住的地方就在金湖广场地铁站旁边，玩的行程基本都覆盖在地铁前后五站，少了很多赶路的时间，推荐这一站总的来说感觉节假日的南宁，人流几乎都聚集在中心商圈，推荐打铁花和青秀山南宁青秀山懒得p图回家睡觉,1097,560,26,https://www.xiaohongshu.com/explore/683d22e5000000002300d147?xsec_token=ABNAGLTp4TaV6jkXEeQ1uUCKm71hi5VK6xenZ37xQ5sz0=&xsec_source=pc_search
未知博主,广西初体验！小红书,青秀山吸氧记下午三点才进去的，进去了才知道里面超大，根本逛不完。时间匆忙，这次就去了兰园、荫生植物园和环山秀坪，坐了两次松鼠观光车（5元次）听说一票（成人20元张）可以用三天，下次再去！推荐路线：北门兰园荫生植物园观音禅寺桃花坞穿越古今打卡点环山秀坪荷花池步云门桂花园水生花园东门美食暴击爆炒生料（侏罗纪）、螺蛳粉（阳奶佬）、横县鱼生、果酱烧烤，其它的有老友粉、生榨粉、卷筒粉、干捞粉、生料粉等等，随便进的店都好吃，除了酸嘢吃不惯，美味均在四颗星以上！关于饮品阿嬷手作、巨人老盐水、煲珠公、还有路边买的清补凉南宁真是个花园城市，绿化超好。在这里可以实现水果自由，晚上11点小吃摊的人都很多。请问广西靓仔靓妹，广西还有什么好玩的好吃的，求推荐呀广西旅游南宁美食螺蛳粉推荐青秀山太平古城广西美食总要出门看看吧记录吧就现在广西崇左旅行plog,48,19,4,https://www.xiaohongshu.com/explore/68445062000000002301d513?xsec_token=ABnkqbwwpZCSiVaJ5x-TsR0E-QLYa7KWpGXkHfXeO5Ywc=&xsec_source=pc_search
未知博主,青秀山公园西门进的不费脚路线（附图）小红书,带老人去逛青秀山公园，因为腿脚不便，所以一开始就立flag尽量坐观光车少走路（主要景点在图1用花花标记）。但是因为不同路线的观光车只能到固定点购票和乘坐，不小心在买票的时候走了回头路，所以立个帖子避坑。1乘坐地铁3号线到青秀山公园站，下车地铁后就是景区西门；2西边没有特别想逛的景点，所以直接乘坐观光车1号线到观音蝉寺站下车（拍照烧香拜佛），或者到环山秀坪站下车（拍照看孔雀）；3乘坐观光车2号线到北1门，参观荫生植物园（网红拍照点，有喷雾和青苔小球），附近还有兰园，需要稍微走点路（带老人不方便所以跳过）；4参观荫生植物园之后，要往下走（注意不要往左手边走！）找到小火车3号线到售票点和乘车处；5乘小火车到东区叶子花园站下车，参观莫奈花园、水生花园和叶子花园（超多花花适合拍照），最后从东门出；6饮食：中午入园前先到西门附近吃了甘家界牌柠檬鸭(青山店)，每份菜的份量巨大，店里人很多，11点到的时候还有空位，12点门口开始排队等位啦，不能电话预约排队晚上东门出来之后，打车去吃了舒记老友粉，点了微辣（不知道微辣巨辣，还自己多添了辣椒，结果直接辣哭），吃完发现附近还有很多美食店店，比如大熊熊螺蛳粉、砂锅串串、烧烤、酸嘢7景区里面物价跟外面一模一样，这一点很赞，观光车费用不少，小火车10元人，观光车5元人，下车后再上去需要重新购票，所以想去的景点一定要提前规划好。青秀山青秀山风景区逛吃逛吃南宁,4225,2978,59,https://www.xiaohongshu.com/explore/6700cb39000000001902cbfa?xsec_token=ABvyzu6ddL_w6abxLGfylnuqXsmPVCE0fDD8Csz7osrFo=&xsec_source=pc_search
未知博主,213青秀山实况：雨天的莫奈花园也太美了吧小红书,好喜欢烟雨蒙蒙的天气走在雾中心旷神怡，呼吸都舒畅多了青秀山新上的粉色小松鼠观观车粉突突的，可爱疯了图15荫生植物园图67苏铁园图812天池图1314环山秀坪图15中泰友谊园图1617凤翼路图18桃花坞北门北门北门桃花坞观景台桃花岛萧台香花园观山秀坪天池千年苏铁园松涛路回头是岸牌坊花梨道凤翼路荫生植物园北门青秀山南宁莫奈花园绿野仙踪治愈系风景交换春天周末去哪儿徒步丈量世界雨天拍照春节主理人,48,16,12,https://www.xiaohongshu.com/explore/698ebd40000000000c037cff?xsec_token=AByY28OkJf9YL_zEh0GdjOtX5DbWbKgzbI5ze97N6W4Y4=&xsec_source=pc_search
未知博主,南宁青秀山你又让我出片了小红书,我是一心想拍照打卡的所以选了东门进，下午不急不晚去的，就逛了3个地方，不过也是狠狠出片了。温馨提示：如果大家下午去的话，要留意天黑时间，我6点多的时候出去黑漆漆没有灯，还好有几个路人也是出去的，不然还是有点害怕的南宁青秀山打卡出片南宁旅游,30,4,4,https://www.xiaohongshu.com/explore/695a4c59000000001e00e371?xsec_token=ABc0Ae7lofjISj-htQ3oZy22ufOh5OBQlKHMeyld25wQE=&xsec_source=pc_search
未知博主,青秀山小红书,去青秀山拍照，周二去的，本来想去风铃谷结果人好多出不了啥片就去旁边的大草坪了，超级出片美丽归美丽，和大家说一下最近我觉得流感高发期尽量别去人多的地方凑热闹了，不然和我一样，第二天腹痛，我以为是吃早餐造成的，下午开始四肢无力头晕，就去校医拿药，晚上就开始发烧了很痛苦啊和我一起的小姐妹也是第二天拉肚子出现头晕，所以大家能不去青秀山就别去了人太多了！（我是标题党哈，如果不害怕也可以去青秀山还是非常出片的）比美照更有生命力生命力溢出镜头啦南宁青秀山,1414,237,271,https://www.xiaohongshu.com/explore/67deb7dc000000001b03a71d?xsec_token=AB4gfwNYPAsQv43QzZNU4hF6j9bEoPcX6fOlHY6RhEjpE=&xsec_source=pc_search
未知博主,青秀山西门进入路线攻略小红书,去南宁青秀山前，查了很多路线攻略集广大网友智慧，基本都推荐为北门进入因为住的酒店离青秀山西门比较近，就尝试了西门进入，意外发现路线好似更为顺畅。到西门附近会有很多司机拉客，告知西门无好景需要爬山，可以打车拉至东门，这时不要动摇，从西门进入。西门亮点景点较少，如果想保持体力，可以步行一段浅逛下壮锦广场、铜鼓音乐台，然后返回入口处附近乘坐观光车至观音禅寺站游览观音禅寺。结束后花季可以步行前往桃花岛，中途会经过古今同框可以打卡（桃花坞台阶下），游览完桃花岛，可以在其站点乘坐观光车至步云门站打卡龙象塔，不是花季的时候，可以省略桃花岛站（没有花海，只有一片光秃秃的树），直接观音禅寺站乘坐观光车至步云门站打卡龙象塔。结束后返回站点乘坐观光车至北门，游览荫生植物园、兰园等。结束后乘坐小火车至东门，游览水生花园、叶子花园、莫奈花园等东门离开。全程不走回头路很顺畅，三次观光车一次小火车，总计25元，适合时间比较紧，着重打卡亮点行程的家人们。青秀山青秀山西门,5,7,4,https://www.xiaohongshu.com/explore/699e93c8000000001a024baa?xsec_token=ABi8n4xnI00PHyPWIuQZ2MJ1o-yrZqGB110y0bhtrxDZ4=&xsec_source=pc_search
未知博主,青秀山找出这几个机位·把南宁拍出小清新小红书,从北门进入向左走到兰园，穿过荫生植物园（图2），右边的小楼梯向上走就会看到一片绿草地（图35）往北门方向返回，按指示牌找2号线观光车（图6），坐观光车到观音禅寺，门口就是无畏咖啡（图7）返回观光车上下车点，再次坐观光车回到到北门转乘小火车（图910）到水生花园，这里的莫奈花园、叶子花园都很好拍，走进花丛中就很出片（图1113）往东门方向，看到图14上坡到南宁版孤独的树（图1517），拍照后下坡结束从东门离开园区。·tips1：快速游园用时5小时。青秀山非常非常大，还有很多景点值得打卡，细细游园需要做特种兵。tips2：必须穿白色或浅色裙子tips3：无畏咖啡里的纪念冰箱贴13块9值得入手tips4：观光车有分普通观光车和可爱小松鼠游览车（图8）tips5：观光车与小火车不一样，游览线路也不同，注意区分。观光车扫码购买，一次5元，小火车人工售票处购买，一次10元。·单个景点的拍摄机位之后更新·照片里的青春小众拍照地城市里的私藏秘境一秒进入宫崎骏的童话世界一不小心掉进夏天的颜色南宁青秀山拍照青秀山公园拍照避开人流的小众赏花地森林公园城市里的绝美公园,1033,764,29,https://www.xiaohongshu.com/explore/6860d9200000000013013378?xsec_token=AB_ynLm4sJannh3W3yr6tr0NhTRoChiIG_jg2Eh03XKkQ=&xsec_source=pc_search
未知博主,一图看懂南宁青秀山全攻略小红书,我出去旅游就喜欢去当地人中意的景点，体验本地人的闲暇时光今天给大家分享的青秀山，便是南宁人的后花园。青秀山超大，但我只用了半天就玩好了。选择合适的交通，按照以下游玩路线，你也能做到！交通方式：公共交通：北门进，西门出自驾：北门进，北门出景区交通：小火车：有三条路线，北门进选3号线小火车（如图2）观光车：有两条路线，北门进选2号线观光车，中途可换乘1号线观光车去西门（如图2）接下来就是我的实测路线，8点半北门入园，12点半西门出园。830北门入园840步行300米到荫生植物园910回北门乘3号线小火车到叶子花园站，游玩水生花园、莫奈花园，直至东门1000乘3号线小火车返回北门1010步行400米至北1门，乘坐1号线观光车1040到达观音禅寺站游览观音禅寺1100出观音禅寺右转，步行500米到达古今同框打卡点1120步行300米至桃花岛站乘观光车（1、2号线都行）到千年苏铁园站1200下车后步行400米至龙象塔1230返回千年苏铁园站乘1号线观光车到西门出园；或乘2号线观光车到北门出园以上游玩路线需乘坐2次小火车，3次观光车。合计35人，1米2以下儿童免费。建议一次性把2张小火车，3张观光车的票都买好，避免反复排队买票。为避免排队，请将青秀山行程安排在早上，越早越好！观光车，小火车8点开始运营。我12点返程途中亲眼所见哪哪都排队此行青秀山，我把这个季节能玩的景点都玩了。樱花季还可以去樱花园玩，喜欢棕榈树大草坪的可以去环山秀坪玩。青秀山玩好后，我还去了东盟盛天地吃饭打卡南宁楼梯，下午去了亭子码头，晚上去的三街两巷，西关夜市。后面我会更新南宁一日游攻略。以上为广西南宁青秀山半日游原创攻略，后面我会更加努力，为大家带来更多一图看懂攻略，谢谢大家的喜欢南宁南宁旅游青秀山南宁旅游攻略,1,1,307,https://www.xiaohongshu.com/explore/67a807ee000000002a00d25e?xsec_token=ABd2alcjnc31xujEhauVvzbJAUBKzpVuQ9N7h8wGTiUdQ=&xsec_source=pc_search
未知博主,南宁青秀山荫生植物园不排队攻略小红书,青秀山荫生植物园里的绿野仙踪机位，平时大排长龙，直接换机位2更出片（见图1）大家都在拍机位1，所以机位2基本不怎么用排队，也拍不到路人植物园里面不算很大，逛一圈下来很多机位都很出片每隔15分钟喷一次雾，有阳光的时候就会出现丁达尔效应穿搭指南：推荐穿白色连衣裙更出片南宁女摄青柠拍照呀南宁陪拍青秀山拍照南宁青秀山荫生植物园青秀山荫生植物园青秀山游玩攻略青柠拍照呀南宁约拍,143,72,1,https://www.xiaohongshu.com/explore/6896d7fa000000000403fc1d?xsec_token=ABXmLbnvvj2mM-Y4RXpJUlR0G1NkJOL7GTzlKr35Yk-xU=&xsec_source=pc_search
未知博主,无标题,无内容,0,0,0,https://www.xiaohongshu.com/explore/9cc432c8-4b71-45d2-b321-b1a46989dbd6#1772098582209?xsec_token=ABOZr9bMEN1Yx5CV3oT_Nm6z9oc_uaKhkZWr1APBmKiudze1P_Od2KgG85PxafmCO1GkRfGLN3L04NhEwAKPWs6Egeh8IVwq2j9zOSfqwGFck=&xsec_source=pc_search
未知博主,南宁青秀山非常出片小红书,南宁青秀山青秀山拍照我们是早上8点到的，人比较少，北门进，西门出。先到北门荫生植物园，从荫生植物园出门往右边走，会路过好几个拍照打卡地。水生花园莫奈花园再返回北门坐观光车到水生花园，非常漂亮，水生花园，莫奈花园，叶子花园都是挨着的。再从水生花园坐小火车去北门，坐观光车去观音禅寺，走路去古今同框，坐观光车去环山秀坪，走路去苏铁园，最后再坐观光车去西门坐地铁。观光车和小火车票可以现场买，很方便，是单次票。青秀山门票可以提前在公众号上面买，20块。,392,165,38,https://www.xiaohongshu.com/explore/689de60a000000001b03dcf0?xsec_token=ABqiBVjqe-vHGVy857vGU96zpY0Ujh65KUf03Ov-wG82A=&xsec_source=pc_search
未知博主,南宁青秀山最佳打卡机位不排队攻略小红书,青秀山里比莫奈花园还要出片的植物园，大排长龙，每个游客起码拍个十分钟直接换个这个更绝机位（图2）0人在拍完全拍不到路人，抓住漏下的天使光，自带特效多雨的青秀山，阵雨间隙的碎光更加完美植物园像莫奈花园般的云台花园热带雨林风情南宁青秀山拍照,1139,566,110,https://www.xiaohongshu.com/explore/687c99150000000010027b6a?xsec_token=ABPvvZbsaRCWoknnSnpu5WGfIqbWi_VSkt52pJuH6EE-U=&xsec_source=pc_search
未知博主,现在想去青秀山人是不是很多啊有没有在青秀山的实时汇报一下！南宁南宁青秀山南宁旅行小红书,现在想去青秀山人是不是很多啊有没有在青秀山的实时汇报一下！南宁南宁青秀山南宁旅行,20,6,251,https://www.xiaohongshu.com/explore/699940d0000000000a02b57d?xsec_token=ABb6dD341N0uJFZhNHFQ62YZEnN90a_hltxe9uhye_v4g=&xsec_source=pc_search
未知博主,南宁青秀山去了！小红书,狂吸氧ing这个天气去刚刚好，特别舒服p234都在植物园，超级出片！建议穿浅色系衣服哦植物园小森林氧吧青秀山去山林吸氧,316,41,59,https://www.xiaohongshu.com/explore/6923e657000000001d03c996?xsec_token=ABMUsXJuSkdy4xLW3hCtv2dwdwHA6CcuvmXgIspBOzrow=&xsec_source=pc_search
未知博主,广西南宁青秀山小红书,28青秀山早晨8点多到达青秀山北门，步行100米就到荫生植物园了，今天毛毛雨，人很少，拍照非常丝滑，看到了不一样的青秀山，逛完直接去旁边的兰园，打卡了芭蕉叶恐龙，之后做了电瓶车去逛了观音禅寺，走到第三个观景台就到了桃花坞，就到了古今中外打卡的地方，之后去东门逛了莫奈花园，叶子花海，用了一天时间打卡了想要去打卡的点位。非常值得来的南宁青秀山5A级景区南宁游玩攻略南宁青秀山森林氧吧漫步天然森林氧吧森林公园荫生植物园,55,34,8,https://www.xiaohongshu.com/explore/69885f0e000000000903a44f?xsec_token=ABCZM_r2yZNSgOENbDmeLgD6dILyHtioDbH8LanFgOmt8=&xsec_source=pc_search
未知博主,青秀山没想到你能这么大！小红书,：20块钱，我以为随便转转，开始没坐小火车，一顿瞎转，没把我走死。景色值回票价，爱拍照的话能逛一天入园：开车建议北门进！北门进！北门进！重要事情说三遍！！！我从西门进的，太远了，回去还要坐火车回西门游览：别管什么路线，坐小火车就对了，停靠的站都有景点。走路真不行热带雨林气候像莫奈花园般的云台花园热带雨林风情青秀山广西旅游,942,591,276,https://www.xiaohongshu.com/explore/69314a95000000001d03e209?xsec_token=ABdzHN8VQ7Bj_y9z1qyiWZJr9apf55B1zitPP1e-maq8E=&xsec_source=pc_search
未知博主,南宁必打卡！青秀山保姆级攻略隐藏玩法小红书,来南宁怎么能不打卡南宁5A级宝藏景区青秀山！这个藏在城市里的天然氧吧，我整理了这份超全攻略，快码住我的暴走路线（秋冬季）北门兰园荫生植物园观音禅寺古今同框机位环山秀坪荷花池步云门（龙象塔）西门建议从北门进西门出，坐公交从朝阳广场能直接到北门，西门靠近地铁站，返程也很方便，全程打卡点密集，还不走回头路！必打卡景点兰园：一路上各种装置艺术和烂漫鲜花相伴，拍照超好看。我上次去正好赶上南宁夜花园活动，夜游的话，花灯亮起，更有氛围感荫生植物园：妥妥的爱丽丝仙境同款！每1015分钟喷雾一次，阳光好的时候，丁达尔效应绝绝子，拍照光影超赞！观音禅寺：广西香火超旺的千年古刹，建筑古朴雅致，参拜祈福，感受佛教文化的庄严肃穆。古今同框网红机位：以亭子屋檐为前景，远处南宁CBD为背景，古建筑与现代高楼同框，超有反差感。环山秀坪：在观音禅寺乘车点花5r坐观光车直达。这里的孔雀超级活泼！天气晴朗时，在草坪来一场野餐，还能看到远处的龙象塔！荷花池、天池：往步云门方向，会路过这两个池塘，沿途棕榈树摇曳，还有廊桥、亭子、莲花，处处皆美景，步步可打卡。龙象塔（强烈推荐！）到步云门后爬楼梯就能到，登顶9层，邕江、南宁大桥、广西文化艺术中心等南宁地标尽收眼底！晴天视野更好，但注意下午1700后就不能登塔啦。邕州阁：从步云门坐观光车到西门出园后，步行10min到金汇如意坊，打卡邕州阁经典机位。四季限定玩法每个季节来都有新惊喜春夏：莫奈花园不同季节有不同花卉盛放，湖边水雾弥漫，就像油画一样。秋天：叶子公园三角梅花海红透半边天！游览Tips门票贴士全价票仅20元，学生还半价！现场购票还有纸质票，收藏党狂喜文创周边北门游客中心有套色印章明信片，一套5张40r，单张10r！交通指南：景区超大！推荐坐观光车5r次或小火车10r次（单次计费，提前规划路线），别硬走不然腿会废，记得穿舒服的鞋。周边彩蛋晚上可以去琅西夜市开启美食之旅，或者逛东盟盛天地商场。我上次因为赶火车，直接去朝阳广场干饭了下次一定要留时间逛夜市！南宁青秀山深度游攻略南宁旅游周末去哪儿广西旅游机位青秀山风景区,78,79,3,https://www.xiaohongshu.com/explore/68724efb0000000017035f26?xsec_token=AB1LvRrbfPI89YZ5ylLuEM9qGfsmp0uoTaN0pmgM-C6QA=&xsec_source=pc_search
未知博主,南宁青秀山黄花风铃木也太好拍啦小红书,趁着好天气，也是拍上黄花风铃木了建议避开高峰期！周末太多人了大门口很堵车青秀山东门风铃谷，从东门到风铃谷有两公里左右距离，可以步行或者乘坐小火车拍摄时间可以选择下午4点后，傍晚的阳光很柔和一片黄色的花海南宁青秀山周末去哪玩南宁拍照黄花风铃木黄花风铃木拍照南宁青秀山拍照jk,330,104,4,https://www.xiaohongshu.com/explore/67dad20a000000001d02594d?xsec_token=ABWPlPl-fTAJdGYdzYGGcSV673M66fZzRmfVKTlkj8JKI=&xsec_source=pc_search
未知博主,无美颜无滤镜版青秀山小红书,去青秀山的建议从北门进，坐地铁去的宝宝是离西门近的，要去北门建议打车，西门到北门是有一段距离的完全不是一个园区。路线：北门兰园荫生植物园再去坐小火车入园步行先去兰园然后走一走绕一圈就能到荫生植物园啦植物园就是比较网红拍照打卡的地方很多图片都是在那拍的，那个绿色球球有烟的地方烟雾是每隔15分钟开一次所以不用担心拍照无烟雾氛围这两个地方逛完再去找车车（大家都坐小松鼠哈哈）坐的观光线2号线可以窗口买5块钱下车了就要重新买票不是包全程的比较懒的谨慎下车哈哈（这个观光线也可以扫码手机买票的）看到有亭子的地方就可以去等观光线2号路线如下北门观音禅寺桃花坞环山秀坪步云门千年苏铁园站状元泉站学生军纪念碑北门建议：观音禅寺和桃花坞为一站。可以在桃花坞下然后再去观音禅寺这两站比较近，桃花坞分季节看去的月份如果去的月份不合适没有桃花可以不去，有人说观音禅寺许愿很灵，可以去哦没桃花可以直接去观音桃花坞不下。从观音禅寺出发买票坐车到环山秀和步云门为一体。环秀山可以拍拍照，步云门需要爬山一小段中途有一个网红拍照点（一个屋檐的那个）爬到顶部风景很漂亮以上四个点可以下车走动余下的几站可以看个人门票网上买或者现场都可20元网上提前定18元提前买了票可以直接刷身份证进去在门口千万别听那些司机说什么打车走，我刚到北门就离谱的让我去别的门想去西门的可以在园区内坐小火车10元到根据个人选择反正园区很大季节不同可以看的风景也不一样路上听说是随时可以看见孔雀的会直接在路上走，我是在兰园附近看到的孔雀开屏园区贼大想全部玩透据说要两天了没必要，南宁森林氧吧漫步青秀山像莫奈花园般的云台花园,1437,1116,86,https://www.xiaohongshu.com/explore/68406510000000002002b620?xsec_token=ABWADqq58bGsBNeP9PO3lNNX1CVMwr2YNueiHdZ1rEng4=&xsec_source=pc_search
未知博主,青秀山先打车去东门还是北门好游玩攻略小红书,青秀山先打车去东门还是北门好游玩攻略,625,635,160,https://www.xiaohongshu.com/explore/67e5faaf000000000602bb5e?xsec_token=AB2zz__feYi8Ydcu_0JcUD_GAhJ6ajkojaAZNa_KvwakE=&xsec_source=pc_search
未知博主,225青秀山公园实况小红书,南宁真是一座让人来了不想走的城市，今天的青秀山含氧量爆棚，早上10点到了北门荫生植物园，打卡最多的绿毛球点人不多，阴天反而更有调调。关于穿搭，南宁真的穿什么衣服的都有一年四季的衣服都可以在街上看到，平均温度在20左右，今天下小雨略凉一点点，但穿短袖也不会冷，怕冷星人像我，依旧针织毛衣和牛仔裤加短靴，我没觉得热青秀山穿搭春游穿搭大疆pocket3,34,4,6,https://www.xiaohongshu.com/explore/699ea5cf000000001d0100fd?xsec_token=ABi8n4xnI00PHyPWIuQZ2MJ__hWQFFO_InnZm4uUSmaQs=&xsec_source=pc_search
未知博主,青秀山租电车排队久，要准备电子驾照小红书,青秀山，不到九点到达东门，避开了人流高峰，但是租电车排了25分钟。进入东门后，前往水生花园和莫奈花园，真的是花海，太壮观了,10,1,2,https://www.xiaohongshu.com/explore/699933c3000000001a01e3d9?xsec_token=ABb6dD341N0uJFZhNHFQ62YSskCS_wSrREqU09KMWLhFk=&xsec_source=pc_search
未知博主,1220青秀山实况：梦幻仙境一样的落羽杉湖小红书,湖面五彩斑斓的色彩可遇不可求赶紧冲冲冲落羽杉只是部分红了，不影响出片。今天摸黑从珍贵植物园上去，心里毛毛的。不仅开手电筒，还听红歌能量能量加值今天以为是阴天，没想到刚到观景台太阳就出来了，金色的太阳光芒万丈。南宁青秀山绿野仙踪落羽杉红了留住秋天的一百种方式治愈系风景周末去哪儿徒步丈量世界绿野仙踪日出,420,177,48,https://www.xiaohongshu.com/explore/6946386c000000001d03c6ee?xsec_token=ABWYqZt8-AnqMFuxT8o8vtneGDP2cCRy1glxLEhH7WCjQ=&xsec_source=pc_search
未知博主,南宁青秀山，这里真的很梦幻呀！！小红书,20元承载一天的快乐不废话并诚恳版攻略，简洁明了门票：20元园内交通：游览车5元，小火车10元按次收费路线：北门进兰园萌生植物园观音禅寺穿越古今桃花坞环山秀坪棕榈园北门西门出想美美拍照，建议从北门东门进，主要景点在前面，不然走到最后真的累到没表情拍（请看以下详情介绍）北门线重点景点：兰园：主要是兰花为主，恐龙打卡点也在兰园，铁栏边也种了很多石斛荫生植物园：有很多没有见过的植物，这里面真的跟爱丽丝梦境一样，夸张不了一点，有个超美打卡机位（p23）观音禅寺：还有些地方在建，反正路过可以去看看，地方不大，门口可以买香，（插一句：真的很不建议穿的太妖娆在寺庙里各种凹性感造型，应该不止我一人反感，因为我看到了，所以忍不住）穿越古今：观音禅寺出来后右手边一直走大概100来米，这个机位有点意思，可以拍到古今的对比桃花坞：我没去，因为现在桃花谢了，但高处看下去还是挺不错，累的话可以不去，因为下去了还得走上来，哈哈哈！环山秀坪：我去的时候草晒得黄黄的，而且真的很热，但有孔雀游览车六点钟结束，记住！！！如果是超过6点，在环山秀坪附近，可以考虑从南门出，水月庵一直往下走就是，会近很多很多（别问我为什么知道）图片都p过，就算不p，青秀山也让人惊艳得很小众旅行地植物园城市里的私藏秘境莫奈花园误入了莫奈的花园城市里的绝美公园穿越热带雨林春天拍照小众景点旅行攻略童话秘境避开人流的小众赏花地童话里的绿野仙踪南宁青秀山,2432,1506,107,https://www.xiaohongshu.com/explore/681de83e00000000230100b1?xsec_token=ABX8ShOTT71Z8WoSw7nVcTXG1yr4eJiEqr5lgymcVSoxI=&xsec_source=pc_search
未知博主,冬天也能去的植物园南宁青秀山小红书,整个景区非常大，推荐玩一整天！最后附路线图。植物爱好者的天堂，绿油油的非常养眼，北方枯枝受害者的避风港时间比较紧的可以从北门入走三、四个小时的紧凑路线：北门荫生植物园兰园观音禅寺桃花岛方向穿越古今环山秀萍(冬日可选)搭小车任意门出。北门进入几分钟就可以走到荫生植物园，全场最佳，十几分钟会有一次喷雾，能看到丁达尔效应附近还有兰园，也是步行可到。坐观光车到观音禅寺，再往桃花岛走(桃花秃），可以看到穿越古今打卡景位，也可以登高望远。后面坐车到了环山秀萍，是一个开阔的大草坪，附近还有荷花池，就是冬天有点秃建议春日再来。门票20，观光车5元，小火车10元，交通都需要单次购票，图7路线图可提前规划。时间短错过了很多景点，没有去东门的莫奈花园，下次再来！植物园青秀山过冬,35,29,9,https://www.xiaohongshu.com/explore/695c946d000000002103f0d8?xsec_token=ABY8o7f40GguagGzF13ILUhjmOeMRT6cGwx55PMslF26Y=&xsec_source=pc_search
未知博主,求助南宁人青秀山路线小红书,想去图上划线这些景点，打算去夜花园，所以想中午一两点进园，怎么规划线路好呢？看到网上的都是从北门进，但是夜花园也在北门，我用p2的攻略反过来从西门进可以吗？到北门的时候再去莫奈花园孤独的树那边，然后去夜花园。应该路标清晰好走吧？湛江人打算自己一个人下周去玩,625,622,77,https://www.xiaohongshu.com/explore/68668813000000001203e89f?xsec_token=ABAUsuE4o7KFEgoanfGW_VzstxluATJyOv7kGNCjHZX1w=&xsec_source=pc_search
未知博主,南宁的莫奈花园小红书,定位青秀山北门离荫生植物园最近我不小心从西门进需要再坐观光车坐到北门门票20元但是里边真的非常大跟版纳的植物园有点像但是这里更出片第一次见悬挂的苔藓球半个小时一次喷雾，有阳光的时候加上喷雾很有仙境白黄蓝颜色更搭一些图1的蓝精灵跟蘑菇屋位置：从荫生植物园出来往右走往空中花园方向兰园在右手边的一个路边误入了莫奈的花园感觉走进了油画里青秀山拍照天然氧森林青秀山蘑菇莫奈花园鲜花盛开的地方,170,72,20,https://www.xiaohongshu.com/explore/696afa20000000000b010fa4?xsec_token=ABq60A0krg51ersDtA7yX_FoxUu6JKGdCMtPOn7NfdyHE=&xsec_source=pc_search
未知博主,青秀山11点后别来小红书,我们是早上9点左右从东门进的，人还不多，回来时1130了，全是人里面风景还是不错的，咸鱼提前一天买票16元花情实况播报植物园南宁南宁拍照南宁青秀山青秀山元旦放假旅游花展,235,49,100,https://www.xiaohongshu.com/explore/69575146000000001e000dfc?xsec_token=ABBulCckVv1wgdiYAw3U6H1Ch-5eLwO0O0rH3U23T6Cy4=&xsec_source=pc_search
未知博主,Nanning小红书,我想世界是喧闹的彩色生命是枝蔓攀生的绿色有时是潮湿绿意相伴有时是晴朗生机勃勃永远喜欢大自然的生命力呼吸大自然氧吧去户外吸吸氧植物园南宁青秀山拍照生命力拍照穿越热带雨林,67,22,9,https://www.xiaohongshu.com/explore/69786abf000000002203bfa1?xsec_token=AB8Zpn25LeWlVNEEhfpv5u53THxZF3EZMiepN0K5ZrJhE=&xsec_source=pc_search
未知博主,20块的青秀山公园，真的很值小红书,阴天的青秀山也很美看图1的植物，在北门进的第一个景点花海和郁金香在，东门经常散步的人没必要坐观光车，慢慢悠悠的从北门步行到东门，加上拍照的时间5个小时就逛完啦，不是很累有阳光的话就更美啦南宁青秀山,10,0,6,https://www.xiaohongshu.com/explore/69972763000000000e03ec89?xsec_token=ABrZBWzHjnYNzAOdKbMRBGro7TrL5y0sdQS3yoMxQykXU=&xsec_source=pc_search
未知博主,无标题,无内容,0,0,0,https://www.xiaohongshu.com/explore/4d497763-0eed-4e32-94e2-ab2394732cee#1772098615876?xsec_token=AB_hUoeMFfAr7TdPKA0vbZbi_HurOfYhyGypSuCf9LHDhsC5nvg5VclsYclBbp-YOMXPhJPvl9DwFjN9zM4qwwDlXIfuFsD7b7x8x6g-WS3VY=&xsec_source=pc_search
未知博主,南宁！青秀山路线攻略！全面不累脚小红书,因为青秀山来了一趟南宁！！非常漂亮！真的超值！！只是没想到真的很大很大！！一定要提前做好攻略，不累脚还可以看更多风景门票：20元游玩路线：北门荫生植物园兰园观音禅寺桃花岛古今中外打卡点荷花池水生花园莫奈花园叶子花园东门不同季节有不同的花，睡莲和粉色三角梅真的好好看啊！荫生植物园一到门口被震撼住了！！就这一个地方已经值回票价了！Tips1不同季节开花情况不一样，可以选择性逛2晴天最好，特别是荫生植物园3园区很大，至少预留大半天时间4景区门口买票还可以玩三天！！万粉扶持计划童话里的绿野仙踪大自然景观好像遇到了绿光森林城市中心的童话森林误入了莫奈的花园植物园南宁南宁拍照南宁旅游青秀山青秀山拍照与植物一起生活青秀山攻略南宁旅游攻略绿色治愈系风景油画般的世界童话秘境一个人的旅行三脚架拍照旅行的意义一个人旅行,1466,1320,62,https://www.xiaohongshu.com/explore/682af2c5000000001200256c?xsec_token=AB8EqHqyua0KDckKtUOXQad8--KeQsgOBJ2O0PDXEhfzo=&xsec_source=pc_search
未知博主,旅游日记南宁三天两夜的碎片2小红书,今天是继续暴走的一天，完全低估了青秀山的大小，在能坐观光车就坐车的情况下，逛完灯会还是走了两万多步荫生植物园果然是好出片的地方，但是真的太太太多人了，大家都挡在好多球球那个地方拍照还有专门的摄影师在那里做生意，一直占着位置，对于我们这种只是想拍个景的普通游客十分不友好，不过我还是努力的拍到一张没人的照片（只能自己挪动一下位置了）兰园里的花田和莫奈花园都好美啊，五颜六色的就让人心情好好，可惜我到莫奈花园的时候已经傍晚了，如果有大太阳的话估计更好看。（再次感叹青秀山太大了，走到这里已经五点多六点）本来想着不看灯会直接去夜市了（因为怕太累又去不了），可是来到东门这边已经五点多了，如果不给灯会票就进不去了，所以又只好把灯会也逛了。不过这个灯会真是我见过的最大最有设计感的灯会了，好多灯饰都好好看，也没有白费我补的灯会票（想省钱的友友五点前进去灯会区就不用补票哦）最后提醒一下最近要来看灯会的友友，看到好多人说从东门出去打不到车，因为人太多了。大家可以坐免费的小火车到西门坐地铁，或者坐小火车到北门再打车，会比较方便哦日常分享旅行PLOG生活碎片记旅游旅游攻略南宁南宁旅游南宁青秀山南宁灯会,191,97,12,https://www.xiaohongshu.com/explore/67a319890000000028034792?xsec_token=ABxJdy2KT7ZCK8RFmEJPCvSmK9NJbjuswWHYZMjYsDlf4=&xsec_source=pc_search
未知博主,南宁1日游小红书,青秀山推荐路线：东门进入步行至水生花园（莫奈花园都在这一片）乘小火车到北门（荫生植物园、兰花园）新竹路citywalk推荐路线：三野制咖为起点，沿着巷子往北走，到路口右转，一直walk。沿途有很多咖啡店、粉店、面包店，逛吃逛吃。感受南宁本地生活。结束后骑小电驴穿过民族大道朝阳广场。一路上都是阴凉，更加融入了。三街两巷靠近江边，吃完饭散散步，感受下夜景。住：全季酒店（东葛路店）吃：爆炒生料、老友粉、生榨粉、柠檬鸭周末出去走走南宁老友粉端午节暑假美食青秀山城市的一百种玩法出行好去处换座城市过周末,514,362,34,https://www.xiaohongshu.com/explore/683d2743000000002100dfa9?xsec_token=ABNAGLTp4TaV6jkXEeQ1uUCP6e-T2NJWsAGE5xZIebztw=&xsec_source=pc_search
未知博主,小汤圆们看过来！小红书,青秀山在南宁地铁三号线，地铁到达的是青秀山西门。青秀山很大，进去之后是有小火车坐的。住宿：想离青秀山近的话推荐住青秀区。一号线和三号线地铁沿线都很方便。金湖广场站可以换乘这两条线路。我常住的是琅西那边，在三号线，离夜市和青秀山都近。交通：外地过来的小汤可以买到南宁东站（在青秀区）或者南宁站（在市中心）。千万不要买到南宁北站！！！！演出当天首选地铁出行。实在不行可以打车或者开共享电动车。南宁的共享很多且非机动车道也很宽敞！玩乐：朝阳广场那一带商圈可以逛逛，地铁1号线或2号线可以到达。（不建议开共享去朝阳广场，那里是禁停区！）夜市可以看看琅西夜市（在3号线），还有农院路（1号线），建政路夜市，平西夜市这些。航洋城那边也可以逛逛（1号线会展中心站D口出去），然后可以顺带看看东盟那个大烧麦地标建筑。青秀山等等。吃喝：吃的粉比较多。螺蛳粉，老友粉，卷筒粉，生料粉，玉林云吞，果酱烧烤，酸嘢，啊嬷，察理等等王源王源音乐节太空奇缘南宁南宁音乐节青秀山演唱会攻略,245,135,67,https://www.xiaohongshu.com/explore/69824d4e000000000a03e55a?xsec_token=ABaqVRp3OpCSOD96Jr_auf4k1lrq8sMxnVjdMgA25o97U=&xsec_source=pc_search
未知博主,青秀山梨花把春天拍成了诗小红书,青秀山梨豆花已拍满树洁白，风一吹像落雪南宁的春天，温柔到犯规青秀山梨豆花南宁赏花春日拍照,332,81,49,https://www.xiaohongshu.com/explore/6996f320000000001a02de6d?xsec_token=ABBh620gnukTQePWO27T--8yOp5TVD_7luPXU16Niu5Uk=&xsec_source=pc_search
未知博主,关于带老公去南宁青秀山他怒拍100张图小红书,没想到去那么多城市旅游！最好拍最出片的还是南宁！！！！！想要拍出丁达尔效应，一定要提前看天气预报，阴天建议不要来，一定要有阳光，天气一定要晴只想要来这里拍照的话，可以直接从北门进入，步行5分钟即可到达！图为路线图喷雾每隔15分钟喷一次，每次持续约90秒全天时段：从早上800开始，到晚上1800结束一定要耐心等待哦建议穿浅色系的衣服，白色米色都会很出片，穿长裙的姐妹从进门就要注意地面会有水，记得提裙子来青秀山玩，建议带花露水防蚊，以及注意防晒荫生植物园的每个角落其实都很出片，每个角落抬头都会有不同的惊喜，可以耐心的观察哦会有水出没，遇见过两次，但是不攻击别人，看到让行就好啦愿大家都能美美出片,34,23,1,https://www.xiaohongshu.com/explore/6932b57f000000001e0009ac?xsec_token=ABocUVjH3avbd6hpBHF11qrL1wNoVoYtI3OO7nN4XzcwI=&xsec_source=pc_search
未知博主,南宁青秀山人人人人人人人小红书,人人人人人人真的不少拍照还要排队没赶上喷雾主机位还要排队副机位拍一下也不错青秀山值得来20块钱的票价超值最让我惊讶的竟然是兰园好好看我纯北方人没见过世面只能大口呼吸只在感叹空气真湿润真舒服皮肤和眼睛仿佛吸满了水分还会再来新年旅行第一站我是春节主理人植物园青秀山,17,6,12,https://www.xiaohongshu.com/explore/69941d6e000000001b01d884?xsec_token=ABKoAlO1NpYJA_ONVrjGnzSyhc-MMm1DGNk8JQBBiqO3Y=&xsec_source=pc_search
未知博主,南宁青秀山春日限定风铃花金色花海小红书,南宁青秀山风铃花开了！南宁春季限定风铃花花期挺短的，2月下旬到3月初是最佳观长期，大家可以出发啦！地点：南宁青秀山风铃谷门票：20元青秀山东门进入，往风铃谷方向走步行15分钟可以到达，也可以坐小火车，但一路走可以看不同的花穿白色！白色！特别出片，浅色系！风铃花束青秀山拍照青秀山东门交换春天风铃花金色花海南宁旅游赏春,31,9,15,https://www.xiaohongshu.com/explore/699e9539000000001600ad6b?xsec_token=ABi8n4xnI00PHyPWIuQZ2MJ-WcIS1jIlN3yxtZ0kOtT_c=&xsec_source=pc_search
未知博主,青秀山南宁旅游第一站，详细游玩攻略小红书,坐落在市区的5A景区，青秀山是南宁人的后花园，也是大多数人来南宁旅游的第一站青秀山非常大，门票20，观光车5元次，主要游玩三片区域·东门叶子花园、莫奈花园、水生花园、湖景、儿童乐园·北门荫生植物园、兰园、花海梯田·山顶观音禅寺、观景平台推荐必打卡·东门三个花园拍照非常出片！·荫生植物园喷雾的时候如梦如幻·观音禅寺山顶俯瞰整个南宁推荐两种游玩线路（p2）·推荐观光车游玩先游览东门三个花园乘车到北门，游玩北门的花园乘车到观音禅寺乘车下山，大约23小时·步行游玩线路叶子花园莫奈花园水生花园湖景儿童乐园观音禅寺观景平台花海梯田兰园荫生植物园北门，大约要34小时青秀山很大，还有很多边边角角的好看的地方，不同季节花不一样，体验也不一样，大家可以多多探索南宁青秀山青秀山青秀山攻略南宁景点推荐南宁旅游南宁旅游攻略,1071,1134,18,https://www.xiaohongshu.com/explore/693d12d4000000001f00aa8e?xsec_token=ABPosuRA1cSNYeC7dL4awB5IDBxb_HHytLMoyjXY0ezq0=&xsec_source=pc_search
未知博主,青秀山倒霉蛋子实录小红书,节假日一定要买三日票！可以反复入园，如果园内小火车排队人数太多，可以出园打车更方便也更快！单日票在5点前一定要买好否则5点以后会因为有灯会更贵。爱拍照建议搜索北进东出东进北出攻略，东门（草坪莫奈花园水生花园灯会）和北门（阴植物园兰园）非常适合打卡拍照。东门的钟楼碰到了一个很会拍照的摄影师阿姨（p79）青秀山游玩攻略,11,3,3,https://www.xiaohongshu.com/explore/6998b6a0000000001503050f?xsec_token=AB1QIAmiGMN94ST_lElVw_qbpXrIk1Vt7wxEnf0MQx4sk=&xsec_source=pc_search
未知博主,无标题,无内容,0,0,0,https://www.xiaohongshu.com/explore/69998553000000001a025882?xsec_token=ABb6dD341N0uJFZhNHFQ62YQjbxFwJcBnmX7vh5MPOwWA=&xsec_source=pc_search
未知博主,南宁青秀山火秀小红书,晚上七点二十开始，先是几个歌舞节目，然后就是打铁花、火狮、火壶表演，现场很壮观，我们是提前一个小时坐到舞台正对面的草坪上（可以带野餐垫），晚上刮风有点点凉，人们的热情还是很高涨的，火秀结束是无人机表演，总体来说很棒南宁南宁青秀山,29,9,17,https://www.xiaohongshu.com/explore/6996b43b000000001a0327fb?xsec_token=ABBh620gnukTQePWO27T--85Y0YXXVhZJwkoW-V_8t0fs=&xsec_source=pc_search
未知博主,青秀山三小时不废腿路线小红书,从东门进20往右走水生花园莫奈花园坐小火车北门10荫生植物园绿野仙踪坐观光车5抵达观音禅寺可以拜拜吃素食在门口点了杯无畏咖啡沿着大路步行至桃花坞拾阶而下可以拍到古今同框返回坐观光车至北门5路上会经过其他一些景点但下车票就作废了时间关系所以就在车上欣赏啦青秀山广西南宁,1051,1057,34,https://www.xiaohongshu.com/explore/68200a0d000000002001f390?xsec_token=ABsTL47zg84o0Y-U_QjjfuMoBbSXq3SmFyFU2SVvpiZ4A=&xsec_source=pc_search
未知博主,南宁的春天，就在青秀山的郁金香花海里小红书,春天来了，拍一组郁金香吧，静静坐在花旁，闻着淡香，就很治愈。青秀山东门·丘石花园南宁拍照青秀山春日氛围感郁金香,298,62,47,https://www.xiaohongshu.com/explore/698fe5be000000000d00b7ef?xsec_token=AB758bU8MzPDFBZ5U5aytmZsCiQ2zx3zAEpkvuI1VWALM=&xsec_source=pc_search
未知博主,224青秀山实况懒人省力路线4h逛完精华！小红书,青秀山真的超大不想暴走的姐妹直接抄作业懒人路线北门进兰园荫生植物园坐观光车到观音禅寺步行至穿越古今打卡点坐车到环山秀坪荷花池坐小火车到东门逛叶子花园、莫奈花园丘石花园东门出全程观光车小火车，省力max北门进东门出，两边都有地铁超方便青秀山南宁旅游周末去哪儿像莫奈花园般的云台花园一键播放春天交换春天春日追花攻略生活美学出门逛春天踏青赏花好去处,14,10,6,https://www.xiaohongshu.com/explore/699e3bbc000000001a024c22?xsec_token=ABi8n4xnI00PHyPWIuQZ2MJ0phhKvhwW4mH1oQ1soo6AM=&xsec_source=pc_search
未知博主,青秀山解读我的花语小红书,南宁青秀山叶子花园超级出片！从东门进来走一百米就可以看到啦11月初花很旺盛我去的时候已经掉了一些了建议下午4点来六点这样就没太阳咯青秀山叶子花园白色三角梅公园拍照姿势花南宁拍照ccd拍照,882,189,26,https://www.xiaohongshu.com/explore/674e962100000000070331db?xsec_token=ABgfbvmr_9VPaJvBz_ijZ8TgGbP8yfX6Uhjv_Q4ahgedo=&xsec_source=pc_search
未知博主,南宁拍照·青秀山松弛版出片路线美到窒息！小红书,国庆旅行第1站来到了广西南宁5A级景区青秀山属实给我太多惊喜了在南宁的绿肺里找到了一条不费腿的拍照路线！全程观光车代步北门进北门出只要3h适合不想走路只想拍照出片的朋友们在森林里吸氧轻松get氛围感大片松弛版拍照路线P2北门荫生植物园观光车2号线观音禅寺古今同框打卡地观光车12号线环山秀坪观光车2号线北门出从北门进入，步行几分钟就能到达荫生植物园，这里是整趟旅程的精华，节假日人多热门机位需要排队，不必执着于网红打卡地，每一处角落都很出片从荫生植物园出来，在北门站乘坐观光车2号线，直达观音禅寺站，下车后往桃花岛方向步行，会依次经过三个观景台，第三个是古今同框打卡机位返回观音禅寺站或桃花岛站，换乘1号线或2号线，在环山秀坪站下车，这里是超大片的草坪在环山秀坪站乘坐2号线，一路坐回北1门出口出片攻略1荫生植物园每天定时喷放的水汽，创造出丁达尔效应，光线穿过树叶，雾气缭绕氛围感拉满，穿着白色或浅色的连衣裙、衬衫，仙气十足2环山秀坪：一秒穿越到海南的超大斜坡草坪高大椰树林，背景干净空旷，下午4点后的光线柔和，可以带上野餐垫、草帽作为道具，在草坪上走动、坐在树荫下，以椰子树为背景，轻松拍出惬意感3观音禅寺将古朴的寺庙屋檐与远处现代化的南宁城景收于同一画面，使用手机的长焦功能，能更好地压缩空间，突出古今对比景区实用信息20r单次5元人每次上车都要重新买票朝阳广场到青秀山北门建议打车15r必备物品：防晒霜、驱蚊液假期去哪玩南宁拍照南宁旅游南宁青秀山南宁青秀山拍照青秀山青秀山拍照青秀山攻略南宁旅行南宁旅游攻略,72,49,8,https://www.xiaohongshu.com/explore/68deb66e0000000005039c8e?xsec_token=AB7yaxa-r82uzxrHF9wM4XU5A5LbH6h98PYglCR-ZjO_U=&xsec_source=pc_search
未知博主,青秀山音乐大草坪莫奈花园省时攻略小红书,青秀山莫奈花园、音乐大草坪超省路线图终极目标：出片！！1交通：地铁到万象城打车到青秀山东门（10内）或者直接出发地打车到东门2景点：进门即达水生花园莫奈花园（东门神操作！）3音乐大草坪路线：天凉：从水生花园步行15分钟直达音乐大草坪暴晒：10坐小火车保命（需要从水生花园出来走一段路程才能买票坐到大草坪小火车1800停运封神机位清单1莫奈花园·拍法机位：桥下石头堆（P67）石头桥（P8）可以有效避开人群！2云端草坪·宫崎骏结界机位：树下阴凉处（P24）：随便拍树后迷雾湖（P9）：偶然发现有人工水雾！仙气写真get，就算不出片，体验感也很棒树前湖边长椅（P1011）：黄昏时拍城市剪影，繁华与宁静同框保命装备包近期高温预警！必带：折叠小风扇防晒冰袖遮阳帽矿泉水驱蚊液（景区蚊虫超凶，尤其傍晚）血泪避坑指南1荫生植物园别冲东门！正确打开：从北门进步行直达错误代价：东门过去需转2趟小火车（30）2草坪暴晒预警12001500慎入！无遮阴路段晒掉皮最佳拍摄：早晨8点前傍晚17点后(这份攻略比较适合只去莫奈花园、音乐大草坪的朋友，青秀山值得去好多次)南宁拍照青秀山攻略宫崎骏小众旅行地富有生命力气息照片青秀山云端之树青秀山莫奈花园水生和莫奈花园拍照姿势草坪拍照姿势（具体定位路线可以在评论区问哦）,231,130,7,https://www.xiaohongshu.com/explore/68459fc7000000002102db5a?xsec_token=ABTNqF1QXnqHUy2ns95v3QDllugYwmEKpzMqDIdkio0A4=&xsec_source=pc_search
未知博主,58青秀山，中午落地，下午四点开逛小红书,青秀山真的好大，逛不完根本逛不完，怕明天下雨，今天先逛了再说，明天还想去！今天没看到睡莲开花！没看到向日葵！景区有放5月赏花攻略，有兴趣的朋友可以看看p4，坐地铁一般都是西门进，我进了以后：观光车观音禅寺桃花坞观景台环山秀坪北门兰园荫生植物园东门水生花园莫奈花园叶子花园青秀山真是太好拍了，工作日的下午人不多，很多点都没有人，没有一辆景交车是载满人的水生花园还在种绿植，也不影响出片，跟荫生植物园随便怎么动抓拍都好看，看到好几个plmm指导男友拍照失败叶子园就是三角梅，没想到规模这么大，粉色橘色都好好看评论里有朋友提醒一张票可以逛三天！第二天还想去的朋友如果买的纸质票记得留好哦与植物一起生活青秀山青秀山拍照南宁旅游南宁植物园,2938,1204,310,https://www.xiaohongshu.com/explore/681cd8980000000012000e91?xsec_token=AB_0LYOpBBO09-Z1QmFuSlw4woE3J5xYgafw5zp_TzoNw=&xsec_source=pc_search
未知博主,青秀山的三角梅太好拍啦小红书,青秀山三角梅富士直出x100vi,1,1993,177,https://www.xiaohongshu.com/explore/67ee9c48000000001b025dd8?xsec_token=ABJo5mpsbPaF2BVjhN4WG1LAuY9cytg6Df3oakqxAdc9U=&xsec_source=pc_search
未知博主,无标题,无内容,0,0,0,https://www.xiaohongshu.com/explore/1f8d56e8-4cd7-42fd-b262-c2749b47ae8a#1772098652348?xsec_token=AB0BGN59EDgiedAG9p1inyqNgTnCqMLyfSYL0gUtXXSagPqNXTU-E1eHLacXA6IqTPrmqsPLqapMogaDQkQwM5nqvepj0Qkm1xzWO4CyOnzxU=&xsec_source=pc_search
未知博主,南宁青秀山半日游攻略超省时路线小红书,来南宁旅行必必必打卡的景点之一青秀山（门票20元可玩三天）票价实惠值得观看5A景区小悦给大家整理出了一条坠省时省力的路线跟着这条路走能把大部分热门点位都逛完哦游玩路线从北门入园兰园荫生植物园观音禅寺桃花坞穿越古今打卡点环山秀坪荷花池龙象塔西门北门出园游玩指南记得乘坐小火车或者观光车（园区太大了会走得很累！）观光车：12号线，票价5元次小火车：123号线，票价10元次营业时间：08001800出行指南地铁：3号线青秀山站B出口打车：到达北门下车南宁住宿推荐南宁天龙湾融悦酒店（金湖广场店）酒店位于南宁热门商圈金湖广场，距离3号线地铁口500米，且有免费停车场，交通便利去哪里都方便酒店拥有132间客房，淡雅高级的设计为您打造舒适体验，并设有自助餐厅、洗衣房、健身房等设施南宁南宁酒店南宁住宿推荐南宁青秀山青秀山天龙湾融悦南宁旅游,380,388,14,https://www.xiaohongshu.com/explore/697ab7f4000000000b012b13?xsec_token=ABSzBsVlt6q3L3lVvH8YGiLTP_NtUzTZk-7D6ZjdLHy-Q=&xsec_source=pc_search
未知博主,今天青秀山有一亿人了吧！！小红书,我们是十点从北门进的，北门小火车运力蛮给力的一辆接一辆，排队行进队伍很快但是！！等一点多从东门回来等车全是人！！排队排了一个多小时！没什么车，排队过程中发现去西门的人很少，根本不需要排队！也就是说如果有要从东门回北门的友友们！！注意了！你们可以花20块钱买东门到西门的票，然后在北门下车，这样多花十块钱可以少排一小时队可惜我悟得太晚了今天青秀山都没咋玩就出来了，下次再来吧！！一年一度春节庙会青秀山人人人人人我人人人人人人山人海人挤人,13,10,7,https://www.xiaohongshu.com/explore/69984b55000000001d0254b6?xsec_token=AB1QIAmiGMN94ST_lElVw_qcVmVjqphS5OmVigS-uhUYc=&xsec_source=pc_search
未知博主,满眼金黄，这里堪称国内黄花风铃木的天花板小红书,终于等到青秀山的黄花风铃木迎风绽放，接下来的南宁将用这片金色海洋惊艳整个春天春天就要上春山花情实况播报南宁青秀山黄花风铃木花海黄花风铃春天赏花南宁旅游南宁周末去哪儿,2183,537,405,https://www.xiaohongshu.com/explore/67d931bf000000001e00204d?xsec_token=ABhe1BXHK0mcnWgxezbiS4IQ7Wi9PvBiOhDf8BZ2_IEzY=&xsec_source=pc_search
未知博主,南宁青秀山观音禅寺小红书,虽然那天很冷但山上还是挺多人的，好喜欢这种青山雨雾的氛围，真的很治愈，就是真嘟太冷了！！拍了一下就下山了去吃火锅啦,89,9,12,https://www.xiaohongshu.com/explore/6975a73a000000002202d68d?xsec_token=ABRKWeB44xZ5VceIoi3WIxxbKuimHJYvyBwp8izsc1ssM=&xsec_source=pc_search
未知博主,青秀山的郁金香开得太好啦！！快冲啊小红书,青秀山郁金香已开爆！东门这片花海美到失语（附全攻略）地点：青秀山东门·丘石花园拍摄时间：2月7日下午实拍1机位地图花园入口斜坡：俯拍人与花海层次感红黄混种区：蹲姿仰拍，让花朵铺满天空2穿搭公式浅色系连衣裙草编包（法式氛围感）纯色衬衫牛仔裤（打造日常故事感）避雷：避免穿碎花红粉色系（易与花海融为一体）花园有少量重瓣郁金香（需耐心寻找）青秀山郁金香丘石花园花海拍照攻略春天按下快门的声音是花瓣推开空气的震动你那个总说不知道去哪拍照的姐妹一起跳进莫奈的画里吧！温馨提示花期受天气影响较大，出发前可查看官方通知文明赏花，切勿踩踏或采摘,512,117,51,https://www.xiaohongshu.com/explore/698742b8000000001a031f74?xsec_token=ABVyDtbyq0Wd0UvDAr0Glgzz77_7xOvaeQsslOZb6Jz6M=&xsec_source=pc_search
未知博主,一个人的旅行，在广西，在南宁的最后一天，去了著名的青秀山风景区。其实青秀山没打算去的，因为给我感觉就是一个大公园，好像没什么意思，但是去了以后感觉还是挺好的，毕竟谁不喜欢绿植遍布的环境呢，不但美，还看到了很多从来没见过的植物，20元一张的门票可以说是非常超值了。就让青秀山为我此次广西之行画上一个完美的句号吧。小红书,一个人的旅行，在广西，在南宁的最后一天，去了著名的青秀山风景区。其实青秀山没打算去的，因为给我感觉就是一个大公园，好像没什么意思，但是去了以后感觉还是挺好的，毕竟谁不喜欢绿植遍布的环境呢，不但美，还看到了很多从来没见过的植物，20元一张的门票可以说是非常超值了。就让青秀山为我此次广西之行画上一个完美的句号吧。,20,1,13,https://www.xiaohongshu.com/explore/69927c04000000000a028b7d?xsec_token=AB2wrur7dRTIbEzthiIbOUjRpQ9klp_KyM5gztkBeePLA=&xsec_source=pc_search
未知博主,219今日青秀山灯会实况小红书,表演时间表如上，值回票价了嗷！,46,36,1,https://www.xiaohongshu.com/explore/6997158b000000000903a0ae?xsec_token=ABrZBWzHjnYNzAOdKbMRBGrtrDX5e_JKBLAUicI9dqZ_Y=&xsec_source=pc_search
未知博主,青秀山灯会！散场路线攻略图小红书,下午17点前从东门入园，进入灯会区域等亮灯，只需要20，17点后入园则需要48，我是四点半到东门进去人非常多！建议1630前到，门口堵车入园排队很快有好几个检票口从青秀山东门进，进去直接就是灯会区域，其他门进去都要坐小火车才能到灯会区域，节假日小火车排队人很多，很不方便，如果只看灯会的话不要去其他门，直接打车到东门入园后注意看路线标识，往有灯的地方走，不要走出灯会区域，走出去过了五点后再回来要补灯会的票，无人机和打铁花主要表演在音乐大草坪，一路灯会主题满满！到这里就是离场了，看完第一场打铁花和无人机表演刚好八点半左右走出去花了二十分钟人超级多，建议走到东门对面小区穿过去打车会容易一些，没车的话那边共享非常多，我就是走到那边骑共享到琅东客运站坐地铁！大家开车来的话可以停小区里面出去的时候走另一边不会堵车！青秀山灯会青秀山灯会攻略,35,27,1,https://www.xiaohongshu.com/explore/6999c8a1000000000a030e36?xsec_token=ABb6dD341N0uJFZhNHFQ62YSqv9uPMRNsfHeaZ3u1W7-c=&xsec_source=pc_search
未知博主,可是它才20块啊小红书,在青秀山从下午逛到晚上，还没看完三份一，根本拍不完看不完有打铁花、有灯会（真的多真的大），五块钱的观光车（兜了很久很久）、里面的水（2块烤肠6块）门票还能玩3天，关键离万象城骑车才几分钟，好低调的5A景区ps南宁网约车真的便宜，别打出租车，青秀山回万象城不打表开价40，真是城市毒瘤南宁青秀山周末去哪儿,189,57,87,https://www.xiaohongshu.com/explore/69875018000000000b00bf6a?xsec_token=ABVyDtbyq0Wd0UvDAr0Glgz9K7g5RyPyE478Tgql2CkEU=&xsec_source=pc_search
未知博主,带爸妈游青秀山被夸了一百次的省心路线小红书,青秀山花海正盛，带爸妈出行南宁直奔青秀山，少走路版本的路线被我爸妈夸了一百次一、前期准备门票：成人20元；小朋友身高不到120免费。60岁以上半价10元；70岁以上免票。提前在线上买更方便，现场扫码入园。交通：打车到东门最省事（地铁到西门还要走很远）；北门出来打车公交都方便。装备：舒适运动鞋、遮阳帽、防晒、水杯、小零食。二、路线（全程约34小时，少走路）1东门入园（0km）进门左手：云端之树（孤独树）打卡，草坪开阔好休息。左侧：叶子花园，三角梅水潭，最近三角梅开的超级茂密，拍照轻松，不用爬太多。往上走几步到小火车站，买2号线单程票：10元人，直达北门兰园站。2小火车直达北门（约15分钟）中途不下车，票一次性。沿途看风景，爸妈不累3北门核心区（重点）荫生植物园：下车过马路即到，每15分钟喷雾，仙气十足；有小台阶，慢走即可。兰园：就在北门旁，兰花清雅，环境安静，适合歇脚。可选：坐观光车2号线（5元）上观音禅寺，山顶视野好，有斋面粉可吃。4北门出园直接从北门离开，打车公交返程；若要回东门取车，打车几分钟就到。三、爸妈友好贴士全程以小火车少量步行为主，不暴走。荫生园、兰园阴凉多，适合老人避暑。错峰：工作日上午人少，拍照、休息都舒服。园区有厕所和休息椅，随时可停。南宁南宁青秀山带长辈旅游南宁青秀山攻略,34,29,14,https://www.xiaohongshu.com/explore/699d36e800000000280206bd?xsec_token=ABe8KFsa6K7sUEOdApzP-ewHQSYd09uI4fg71E7d0N4Gk=&xsec_source=pc_search
未知博主,南宁4小时逛青秀山不累脚路线攻略小红书,来南宁总要来一次青秀山吧！但景区真的太大了，走断腿都逛不完这次亲测一条懒人友好拍照绝美路线，4小时轻松打卡经典机位，出片率超高！路线总览：北门兰园荫生植物园恐龙道观音禅寺桃花坞（穿越古今打卡点）环山秀坪荷花池步云门桂花园（大王莲）水生花园东门出（图17对应的详细打卡机位，薯粉可以dd拿图）详细攻略：1北门进，左走5分钟到兰园，园林清幽，适合拍古风。2旁边就是荫生植物园（必冲！）每半小时喷一次水雾，迷雾森林感拉满！还有悬吊绿毛球机位，仙气十足！3坐观光车到观音禅寺，可吃斋饭，寺门口有家无畏咖啡，环境禅意，推荐试试寺庙咖啡！4从禅寺右侧步道往下走，到桃花坞找穿越古今打卡点（网红机位！），框式构图拍塔超有感觉！5返回观音禅寺坐车或者继续步行到环山秀坪，大草坪树林，偶有孔雀出没（但我没看到）。6步行到荷花池，夏季荷花超美，其他季节池景也很出片7从荷花池往上到步云门乘车回北门，转小火车去桂花园！这里可坐大王莲！（限40kg以下，20元10分钟）8再坐小火车到水生花园，莫奈花园叶子花园美人蕉花海，随手一拍都是油画感！9最后从东门离开，打车公交都方便。Tips：荫生植物园喷雾每半小时一次，卡点拍照！观光车小火车是单次票，提前在小程序买好！穿越古今机位亮灯时间18302100，夜景更绝！防蚊！防蚊！防蚊！重要的事说三遍！带点零食和水，园区内餐饮点少。交通：西门：地铁3号线青秀山站直达北门东门：建议打车，近地铁1号线但需换乘公交门票：成人20r，学生老人儿童半价观光车5r次，小火车10r次（北门东门）南宁旅游青秀山拍照攻略小众旅行周末去哪儿广西旅游网红打卡旅行干货,4575,6132,159,https://www.xiaohongshu.com/explore/68be56f0000000001b03601d?xsec_token=ABcMHrPySF6Cjr8VloriDAcpGea1FFPPXf-PJ2v0zapI0=&xsec_source=pc_search
未知博主,南宁青秀山半日游20块闯进现实版绿野仙踪小红书,谁懂啊在南宁市区藏着这样的神仙秘境！花一下午沉浸式吸氧，手机内存直接拍到预警，这性价比真的哭死必打卡出片王景点1荫生植物园：顶流网红实锤！10点到16点整点喷水雾，阳光穿过树叶洒在雾汽上，丁达尔效应直接拉满，站在石板路上像闯进精灵森林。2恐龙走廊：有些人觉得幼稚，但对我来说真的很喜欢啊，到底是谁的想法，给我狠狠加餐！3水生花园：现实版莫奈花园！花丛围绕着水景，坐在长椅上拍氛围感照片，每一帧都像油画。推荐坐小火车，氛围和体验感都拉满！景区大到靠走能累瘫。小贴士门票才20块！学生半价10块，提前预约还能再省几块，这价格太良心了，物超所值。蚊虫巨多！驱蚊水必须带，不然分分钟被叮成蜂窝煤。穿搭选浅色系！白色浅色裙子在绿色背景里巨出片，新中式汉服更搭。南宁真的把浪漫藏在青秀山了，不管是遛娃、约会还是独处吸氧都超合适，赶紧约上搭子冲！南宁旅游青秀山攻略绿野仙踪打卡周末去哪儿每天都有值得记录的瞬间我的生活碎片我来这里只办一件事永远相信童话,300,101,8,https://www.xiaohongshu.com/explore/68f30cd60000000005003c6c?xsec_token=ABfKyvJhPOugXT9cwXOT30aGZT8eKXvLmuiZTFTQbNs3w=&xsec_source=pc_search
未知博主,为了这10张图去了趟南宁青秀山小红书,地点：青秀山风景区水生花园花开爆了，巨巨巨巨出片！推荐穿搭：白色系、黄色系、蓝色系南宁约拍南宁拍照青秀山拍照青秀山花海青秀山东门青秀山约拍青秀山约拍女摄南宁跟拍青秀山风景区青秀山攻略,207,103,16,https://www.xiaohongshu.com/explore/698adf2c000000001d026e66?xsec_token=ABfRp8qLgOaM5RvnJp58dG80s0GsK7fZmkZ0IQ6_R6XSI=&xsec_source=pc_search
未知博主,藏在南宁青秀山的花海承包整个春天的浪漫小红书,二刷青秀山也太美啦！专程来打卡郁金香花海直接从东门进最方便！时间充裕的话，推荐北门进东门出，一路逛下来超舒服这次逛了2小时，只去了三个地方莫奈花园叶子花园（三角梅）丘石花园（郁金香）每一处都巨出片！！场面超壮观郁金香的花期不长！抓紧时间去打卡，不然错过又要等一年了因为这次赶行程，所以萌生植物园还是没去成，留到下次慢慢逛门票攻略提前一天买：18r人当天买：20r人三日通票：20r（性价比拉满）拍摄时间：20260214中午青秀山·丘石花园（东门进）东门步行过去约2公里，不想走可以坐小火车，10r人南宁的春天，真的被青秀山拿捏了花海拍照南宁旅游青秀山南宁郁金香,145,35,10,https://www.xiaohongshu.com/explore/6993276f000000000a02c047?xsec_token=AB-OJ0mrXe2TxTxhZR7obo-nxewbv0hd1Abv0sO4ZVyCw=&xsec_source=pc_search
未知博主,春节广西行南宁青秀山小红书,景区很大，灯会好看，春节人巨多，门票是真便宜，可是里面必须坐小火车，一圈下来，一人也要花不少钱。风景还行，灯会值得看，就是全程走断腿，不坐车根本逛不完。想轻松逛的，做好花钱坐车的准备南宁旅游青秀山南宁灯会南宁真实攻略灯会青秀山灯会旅游陪父母旅游南宁去哪玩,1,0,2,https://www.xiaohongshu.com/explore/699921fd000000001a02bb4a?xsec_token=ABb6dD341N0uJFZhNHFQ62YaQXXdyyMCSh8jdm13Aser0=&xsec_source=pc_search
未知博主,今年青秀山东门真的赢麻了！闭眼冲小红书,20块就能拥有的快乐！年味太浓啦！青秀山东门，每年都没有让大家失望灯展依然正常发挥三角梅花海也超好看！黄花风铃园目前开紫花丛林乐园小朋友的游乐设施更新了！丘石花园的郁金香相比去年少了一些，不过不重要！非遗艺术演出灯会无人机表演已经足够优秀啦2月17日3月3日晚上都有火艺秀在音乐大草坪湖中央晚上7点20开始演出到9点无人机演出结束不用一大早去占位置面对舞台左手边厕所高灯柱靠近湖旁边的草坪全程都可以坐着看无遮挡推荐懒得等的朋友在这个位置推荐两个厕所位置没人排队一个是儿童乐园半山腰一个是音乐大草坪面对舞台右边小山坡树后面的厕所无人机最佳观赏位在舞台后面的山坡演出最佳观赏位目前看到最早到的是5点钟音乐大草坪很多吃的卖可以边蹲位边吃离场非常难打车等半个小时一个小时很正常可以走到远一点的其他路口打车或者公车转线园区内小火车转到北门回也行想在园内玩一天的可以从北门进一路玩到东门但是需要5点之前进入东区南宁周末去哪儿南宁周边游青秀山青秀山东门青秀山灯会南宁青秀山青秀山灯展青秀山攻略青秀山拍照,50,40,1,https://www.xiaohongshu.com/explore/69985c01000000001d025f60?xsec_token=AB1QIAmiGMN94ST_lElVw_qSRhLLFiiBVmX8u0Xcuq8oc=&xsec_source=pc_search
未知博主,南宁青秀山一日攻略超详细！（附路线懒人版）小红书,路线：北门进荫生植物园（P2P3）兰园（P4）观光车10r到水生花园（P5P6）莫纳花园叶子花园（P7P8）丘石花园（P9P12）坐车回北门20r往回走一段到落羽杉（P1316）时间：十一点多入园五点十分出园荫生植物园推荐：超级美丽庇荫的地方，从北门进入后只用走两百来米就到了，每隔十五分钟会喷一次水雾，每次一分半钟，特别出片！兰园推荐：就在荫生植物园旁边，北门进入大概走一百多米就到了，个人觉得景色比较一般，很多花都是嫁接在树上，没有大片的花海，更多是沿途的花水生花园推荐：比较不错吧，有大片花海，水上的花也会有水雾喷出来叶子花园推荐：肉眼看很漂亮，但是拍照拍不出来现场看到的震撼，三角梅的颜色偏暗红，拍出来可能没有那么漂亮丘石花园推荐：很大很漂亮，有很多可爱的动画，而且最近有菊花展开的非常漂亮，花的种类非常多！落羽杉湖推荐：这个是我在坐缆车从北门到水生花园的路途中看到的，缆车并不会在这一站专门停下（可能距离北门太近了吧）非常建议大家日落准备出园的时候再来拍，日落搭配落羽杉特别美丽！南宁市青秀山青秀山拍照青秀山北门青秀山东门小红书赏菊大会沉浸式逛公园逛公园城市里的绝美公园,448,421,35,https://www.xiaohongshu.com/explore/6964fec3000000000b012423?xsec_token=ABq-U6iB4rzNhivldTs4_v28pJS_7izu8Cw_mlO9-HICg=&xsec_source=pc_search
未知博主,广西南宁青秀山一定从东门进！小红书,建议早上去！一定从东门进来地图和乘车线路在P14、P15东门路线：叶子花园（三角梅）水生花园（莲花）竹园（竹子）音乐大草坪邱石花园（菊花展）全程步行6000步左右走走逛逛2小时东门去北门：邱石花园坐小火车去北门兰园站（20元一人），全程大概30分钟北门我只去了兰园和荫生植物园走不动一点了建议自带零食，里面选择比较少，北门门口有KFC，蜜雪广西南宁青秀山菊花展三角梅小红书赏菊大会花展爱上逛公园,599,371,35,https://www.xiaohongshu.com/explore/69546d1900000000220326f5?xsec_token=AB_-nfVaJ2d0ACaT4rQ1WQcCqWOMGCXTKhknQXehPz_8k=&xsec_source=pc_search
未知博主,青秀山新春灯会小红书,share一日攻略（路线：北门观音禅寺东门灯会北门）购票：成人mei团提前一天购票18人，学生半价，老人65以上交通：我们是地铁转公交，W34直达青秀山北门门口入园：入院后根据指示标或者问工作人员到达小火车乘车点，去往桃花岛（桃花岛再走600m就是观音禅寺），单次10人，车程10min观音禅寺：右手边请香，门口集中点香，香高举头顶，顺着人流参拜，出门处是法物流通处，请香旁边有素食和网红無量咖啡进入灯会：五点前进入灯会区域即可不用再额外购买灯会门票，可以准备野餐垫和餐食在灯会区域内休息，六点半开始亮灯音乐大草坪：六点半可以前往此处占据观看舞台最佳位置19：20表演开始，前段为歌舞表演20：00左右开始火艺秀、飞天舞狮、打铁花等火术表演20：20开始无人机表演返程：顺着推荐路线（评论图）可以大致浏览完主要灯展，东门散场人巨多，我们导航到水生花园小火车站点，购买10人的小火车前往北门（现场也可以购买20人的小火车前往西门，西门直通地铁），乘坐公交转地铁回家完成日行3w步数kpi青秀山灯会青秀山新春灯会观音禅寺行大运徒步丈量世界火树银花不夜天新年快乐恭喜发财,66,67,9,https://www.xiaohongshu.com/explore/69959b2e000000000a03e96c?xsec_token=ABJgOr2CckGvXRBl0rQ3B14FesbbvleAVNcXNd6M1LcQ4=&xsec_source=pc_search
未知博主,南宁青秀山西门vs东门！究竟怎么进小红书,年初四的青秀山！人好多，车都停路边好几公里来来来！划重点！1进门：西门or东门西门：靠近地铁口，地铁口B出口出来就是青秀山的西门门口，西门百度导航就有一个停车场。东门：东门进来的景色比西门美多了，而且也方便，东门对面有个空地泥地停车场，收费不明，也有停路边好长几公里2停车攻略及进门攻略避坑：我们已踩过的坑，要让大家避开！避开！避开！停车可以停到万象城，万象城购物买点心面包都免费停车8小时！然后万象城面包店崎本那个门口出来就是通地铁口，坐地铁去西门，避免了堵车停车的烦恼！然后！划重点！划重点！划重点！从西门搭滴滴去东门！或者直接在万象城停好车滴滴去东门！！不然想看东门的美景，得坐小火车要30一个人，特贵！如果在东门进去就可以省下搭小火车的钱当然，你如果想体验小火车也可以消费。3观光车vs代步车门票门票当天买20一张，如果提前买好像可以优惠3块钱左右一张，然后观光车也分好几种，普通的观光车是5元一次，小火车有102030的3种！只要不下车就可以坐！记住！记住！记住！下车就得重新再买票！！特别是在西门进去想去东门得30元人，这还不如上面我说的那样滴滴去东门！图2地图的右手边就是东门，东门进门也有代步车租，但是个人觉得没必要！当然如果有小孩老人的话，也可以租车车逛，80一小时，400押金！4东门景点年初四是郁金香展，在东门那边进来进去到丘石花园就看到了。黄花风铃园现在没有花音乐大草坪也没有音乐梅园是拍照打卡不错的地方水生花园一定要逛，里面的花儿可美了丛林乐园是小朋友的天地，估计一玩都不肯走了这就是过年的意义吧过年氛围感拉满植物园青秀山拍照青秀山东门青秀山花海青秀山梅花青秀山竹园青秀山风铃花森林公园,671,339,56,https://www.xiaohongshu.com/explore/679ef564000000001800b1a4?xsec_token=ABRdLPX2YcwVfjshSipeGqYtIUMq-wesZaCSp7aiuW9do=&xsec_source=pc_search
未知博主,无标题,无内容,0,0,0,https://www.xiaohongshu.com/explore/6fea28e7-2ae6-4e30-ba14-b2b99e916863#1772098668816?xsec_token=ABzv1HjJySNMpuUR0DXfdDnFzTaiJTn2tUhfLfkboWIxbDIgjb5dsFHDxR1LCVt85bemYXaWBuMcgelIHdayITjWVeHcD9cIkNfPEtI4BeQDQ=&xsec_source=pc_search
未知博主,南宁必去打卡青秀山小红书,宝子们！发现一个超适合冬天带娃去的荫生植物园建议10点前入园人少先去北门进去，可以网上买票，20元一张，美团可以优惠2元一人先去阴生植物园，拍完照片，就去坐小火车10元一人，12以下不要钱，真的走不动，很大带好干粮东门下就可以拍水生花园，莫奈花园，相机拍出来很美，大疆拍不出效果东门进来就可以租小车车，一家三口慢慢开不用走可以玩一天的景区植物园遛娃好去处亲子游荫生植物园夏日清凉治愈系风景带娃日常,129,39,29,https://www.xiaohongshu.com/explore/6982b9f3000000000b013982?xsec_token=ABaqVRp3OpCSOD96Jr_auf4u7rWiFxnq8QGGaYXpkc8Yo=&xsec_source=pc_search
未知博主,春节青秀山到底有没有最丝滑的离场方式小红书,无人机、打铁花、海象演出真的很精彩，园区的灯会很惊艳看完演出走了1300米回到东门，一看打车软件就是超200人排队中。提前做了功课，走到对面的回迁房小区打车。结果这个小区里乌漆麻黑，有些路走到头儿才知道有面墙，小区里好心的阿姨告诉我们出口在P2的定位，才顺利找到大马路上，打车成功。从灯会走出来打车折腾了很久，也是挺累的。有没有聪明蛋本地人告诉我青秀山到底有没有最丝滑的离场方式灯会春节旅游,155,199,115,https://www.xiaohongshu.com/explore/6995d0a1000000001a024551?xsec_token=ABJgOr2CckGvXRBl0rQ3B14PKkA9KRxmCqNTEtL48vOms=&xsec_source=pc_search
未知博主,221实况，青秀山S弯的郁金香开好啦小红书,红色的郁金香真的很有过年氛围，这两天开的状态特别好，还没开炸，是最好拍的状态，如果想出片的不要错过了。位置在青秀山的丘石花园，但是目前东门特别特别堵，开车走不了，停车也没地方，建议从西门或者北门进入然后小火车观光车过来南宁文旅南宁青秀山南宁周末去哪儿南宁青秀山青秀山拍照郁金香南宁拍照,42,13,16,https://www.xiaohongshu.com/explore/69994f070000000016008a39?xsec_token=ABb6dD341N0uJFZhNHFQ62YZKkS3ppq6WrMjYb3PiUoh4=&xsec_source=pc_search
未知博主,青秀山必拍打卡指南：10个绝美机位小红书,坐地铁3号线到青秀山公园下，地铁出来就是景区西门。从西门进，只需要坐一趟观光车，半天时间游青秀山。观音禅寺图2西门入口进去左边，直奔观光车车程约15分钟，车票5元，坐到观音禅寺下车无畏咖啡图3观音禅寺门口的咖啡店，拍照氛围感不错。古今同框图5从观音禅寺出来，右边走到第三个观景台，看见（桃花坞）下去就是古今同框猗兰亭图6从古今同框继续往下走，往北门萌生植物园方向，沿途会经过这个亭子，远眺南宁城，还可以拍到与稻草人与城市同框。绚兰稻田图78走进宫崎骏的漫画里。恐龙大道图11继续往萌生植物园走，会路过这条全是芭蕉树和长颈龙的道路。萌生植物园图1、12从恐龙大道继续走几分钟就到萌生植物园，这里喷水雾时很梦幻，还有经典悬吊绿毛球。通常会有很多人排队拍照，我拍照的地方是不需要排队的，排队机位在我旁边的大石头上魔童闹海图13从萌生植物园往桂花园方向走，沿途就会路过这里，晚上有表演会更热闹。王莲池图1415到了桂花园在走两分钟就到了王莲池。可以体验儿童quot宝宝坐王莲quot坐王莲拍照需20r每人10分钟体重限40kg以下。成人一叶轻舟坐船自行拍摄：登船费10元人10分钟；景区约拍：拍摄分有79、159、299，后两个有无人机航拍，提供道具拍摄，需提前一天预约。拍照时间约30分钟。魔幻森林图1617看完王莲在往北门方向走，去魔幻森林逛一圈就差不多天黑了，带儿童的朋友们一定要去这里的童话世界。最后从北门出，图18上是北门，下是西门。如果不赶时间可以呆到晚上，夜景也是极美的。Tips1、萌生植物园喷水雾每半小时一次每次三分钟2、园内观光车有多条线路注意看清楚3、这里蚊虫很多一定要带好防蚊虫的东西交通西门：地铁3号线青秀山公园站到达北门：1号线万象城站出站要打车或转公车到北门东门1号线凤岭站出站要打车或转公车门票：成人20r人老人、学生、儿童半价车票：观光车往返西门和北门间景点5r次北门至东门小火车10r次西门至东门20r元次小火车与观光车均为单次票城市里的绝美公园青秀山南宁南宁拍照南宁旅游南宁旅行南宁公园青秀山西门南宁好玩的地方取景器里的旅行,943,977,46,https://www.xiaohongshu.com/explore/688eedbd00000000220389b8?xsec_token=ABeTMvt0BNptxPjFef6zyKw8ehxwta3S1E9FZnK5HLlWo=&xsec_source=pc_search
未知博主,青秀山南宁小京都小红书,青秀山兰苑从北门进兰苑的长亭子后面人不多很好拍南宁南宁拍照,53,22,1,https://www.xiaohongshu.com/explore/693f9dfb000000001b032641?xsec_token=ABwHNXeHsOV-G-zMvzOo8qnZb9yr1DM51wIyNOzJ0kMa0=&xsec_source=pc_search
未知博主,南宁青秀山春节不能按常规攻略去玩小红书,如题如题如题本来提早做了很详细的游玩线路攻略，但是春节期间人太多了，只有果断放弃原计划，建议如下：关于停车：如果是下午去，北门、东门都很难停车，路边可以临停，见缝插针吧，千万不要犹豫关于游玩路线：北门进园后逛逛兰园、看看恐龙就赶快去买小火车票吧，买票和上车的人都太多，排队要排很久。因为我们带了小朋友，所以小火车东区线直接坐到终点站精神普系园，那里有很大的一片值得拍照的地方。之后直奔儿童乐园步行约700米，坐小火车沿路可以看到很多园景足矣。儿童乐园55元门票四五个动力项目、及各种无动力项目通玩，大人可以原地坐下休息。6点左右就要步行去音乐大草坪了，准备占位置看晚上的表演。（步行过去15公里，提早规划好时间）。表演720开始，打铁花、水上表演、无人机秀，还是很值得看表演结束大约830，步行去东区坐小火车回北区取车，晚上直奔离酒店最近的琅西夜市逛吃逛吃。走了1万9000步的一天,176,192,60,https://www.xiaohongshu.com/explore/6997058c000000000e03f182?xsec_token=ABrZBWzHjnYNzAOdKbMRBGrtGpEdFSXM1Ma8OM7qE5wkc=&xsec_source=pc_search
未知博主,无标题,无内容,0,0,0,https://www.xiaohongshu.com/explore/69894e0f000000000c034487?xsec_token=ABVxrY9vQ-avtMNqoIfKvrTpfltEBac77NIOhftrLz4sY=&xsec_source=pc_search
未知博主,214青秀山实况：郁金香今天又换花咯小红书,昨天嫌下雨不去，今天他换新花了，傻眼了吧门口的一大片，刚刚种上，还没开花，弯道早上刚刚撤，阿姨说：撤完就种上。早上雾好大，朦胧美哈哈哈()南宁青秀山莫奈花园郁金香治愈系风景交换春天周末去哪儿景区赏花前线桃花映江山一键播放春天,63,6,37,https://www.xiaohongshu.com/explore/69900100000000000b008c67?xsec_token=ABZsYIAxE0vCFL2sBoKb-GNGh-gjrcmKBfpfiZSvSs2zg=&xsec_source=pc_search
未知博主,2月20日青秀山郁金香(一)小红书,青秀山青秀山郁金香,62,7,30,https://www.xiaohongshu.com/explore/69980830000000001b014df3?xsec_token=AB1QIAmiGMN94ST_lElVw_qZ1Vin3o3qOTfhSz-Ex7Cyg=&xsec_source=pc_search
未知博主,青秀山美疯了小红书,青秀山穿搭青秀山拍照,261,22,24,https://www.xiaohongshu.com/explore/6965e2a6000000002203b787?xsec_token=AB4LFzDtxbYsK8l1cG_CufPAntDxjRA0ON2vFLw9DnHlI=&xsec_source=pc_search
未知博主,青秀山，值回门票小红书,青秀山真是太大了，只选了其中几个园浅逛一下就是四五个小时，叶子花园、莫奈花园、荫生植物园、兰园、桃花坞、雨林大观逛不完根本逛不完门票20元，园内摆渡车有5元、10元一趟，总体很值，景色很不错公园踏青赏花走进天然大氧吧南宁,7,1,4,https://www.xiaohongshu.com/explore/69995f72000000000b009292?xsec_token=ABb6dD341N0uJFZhNHFQ62YWGxpbAdoSSIdli8uGgRf8k=&xsec_source=pc_search
未知博主,谁懂啊，青秀山这棵树太有电影感了小红书,南宁青秀山这一棵树是在丘石花园附近（从东门走到丘石花园就能看见），另外青秀山东门进去也有一棵树，只不过这一棵可以看到背后的城市建筑！一棵树一世界孤独的一颗树青秀山青秀山拍照南宁青秀山南宁旅游攻略,133,28,137,https://www.xiaohongshu.com/explore/695a3109000000001e03041d?xsec_token=ABc0Ae7lofjISj-htQ3oZy23SvBPYU0veobGbYtsiOr9s=&xsec_source=pc_search
未知博主,202537青秀山实拍小红书,天气阴阴的青秀山从东门进能看到几种花我的游玩路线是东门进直走几百米左转可以看到豆梨花。再往前走去买票坐小火车到丘石花园站车票10元。到丘石花园可以看油菜花大飞燕花从丘石花园出去再走几百米就可以看到黄花风铃木但是目前开得茂密的就只有几颗（想专门拍黄花风铃木的姐妹建议可以再等几天可能南宁回暖了才会开得多）四点以后小火车停运了步行从黄花风铃木园区走到东门路上去了叶子花园拍三角梅p51718这个位置很出片三角梅真的拍不腻傍晚光线不足可以用闪光灯拍很好看！！小众赏花地花情实况播报南宁拍照南宁青秀山南宁青秀山黄花风铃木南宁旅游南宁约拍南宁拍花踏青赏花好去处,359,121,38,https://www.xiaohongshu.com/explore/67cbd56f0000000007037d95?xsec_token=AB6zPot-FM2mCYCHzMq5kzTJZxdBh-sAC34hw3yqxH5qk=&xsec_source=pc_search
未知博主,青秀山！你美！！！小红书,虽然是阴天，没有拍到非常满意的照片，但还是超级超级美！广西人民也太幸福了吧青秀山广西旅游郁金香和大自然亲密接触青秀山东门,5,0,1,https://www.xiaohongshu.com/explore/69909fbb000000000b01312c?xsec_token=ABZsYIAxE0vCFL2sBoKb-GNMa_X9Yj0t4KbilUcqdoCwQ=&xsec_source=pc_search
未知博主,青秀山你可太懂花了小红书,就是好多人人人人今天好晒晒晒晒只看花可以从东门进然后选择步行或者10块钱小火车到丘石公园其实不算很远步行的话还能途径梅园春天就要上春山南宁青秀山赏花好去处春日已成花海,9,0,4,https://www.xiaohongshu.com/explore/69984b5f000000000903aa1e?xsec_token=AB1QIAmiGMN94ST_lElVw_qYvjMH83Itv2gwU-rI-APjA=&xsec_source=pc_search
未知博主,南宁青秀山郁见春天小红书,在青秀山的丘石花园，从东门进去会更近哟可以选择步行或者小火车一键播放春天郁金香郁见她而美好风开始有了郁金香的味道春天拍照摄影Lorry（私信已关）,54,12,2,https://www.xiaohongshu.com/explore/6995b3ee000000000a02ef12?xsec_token=ABJgOr2CckGvXRBl0rQ3B14Ar4XHT1bzBi3dhQjElsGms=&xsec_source=pc_search
未知博主,青秀山一定要往东门进！小红书,我们从北门进的青秀山，坐着小火车看着野山野景，毫无景色可言直到东门下车才看到景色，花丛锦簇，沟壑间种植着各种鲜花树木东门直接进，不需要坐小火车，直接观景，拍照，打卡！tips图2：东门进入图3：景色主干道图4：可以小爬登塔图5、图1：最美的草坪瞭望塔，非常出片图6、7：北门买票坐小火车图8、9：莫奈花园，有格调，拍照出片如果还有时间可以租一个四人电瓶车，悠闲上山青秀山青秀山拍照青秀山花海青秀山东门像莫奈花园般的云台花园城市里的绝美公园,828,634,81,https://www.xiaohongshu.com/explore/68dfa46100000000040281ed?xsec_token=AB14BMfLftljNoLAkmb0qLQa_g7E6TSzHkmhuJgzropyM=&xsec_source=pc_search
未知博主,青秀山灯会大家都不用上班的吗小红书,青秀山灯会夜间灯会门票48，白天只要20，为了节省28元的费用，连跑带拽的硬是卡点在17点前检了票人太多了，看完结束找个共享电车都走出3km，就近吃个小烧烤补偿一下自己,4,1,0,https://www.xiaohongshu.com/explore/699da131000000001a02e2ff?xsec_token=ABe8KFsa6K7sUEOdApzP-ewHNxw8WgbwOgNw_ENVLhzi0=&xsec_source=pc_search
未知博主,青秀山果然名不虚传小红书,带娃逛了一天青秀山，腿快废了，勉强拍了一些照片，青秀山的花儿确实好看春天开幕式一键播放春天像莫奈花园般的云台花园花的世界花的海洋一起去赏花,57,1,29,https://www.xiaohongshu.com/explore/69970c49000000001a033d30?xsec_token=ABrZBWzHjnYNzAOdKbMRBGrhRukm28NNVJZwxMWwf5EUU=&xsec_source=pc_search
未知博主,公主的后花园青秀山真的没有瓶颈期！！！小红书,真的来到了公主的后花园成片成片的三角梅花海一眼沦陷！青秀山游玩攻略青秀山青秀山拍照三角梅拍照青秀山三角梅白色三角梅南宁拍照南宁旅游南宁周末去哪儿南宁打卡广西云游记,3915,1023,295,https://www.xiaohongshu.com/explore/670c9d31000000001402f124?xsec_token=ABeWO6YLKmcSt-m573JqoTOhaI6soOkwqZ89wsYE7Q8Z4=&xsec_source=pc_search
未知博主,青秀山北门的宫粉梅小红书,202622上午实拍。北门兰苑的宫粉梅已经开了。一键播放春天梅花梅花香自苦寒来梅花盛开的季节赏梅好去处收集春日粉色系花花春天开幕式,475,105,37,https://www.xiaohongshu.com/explore/69809d22000000000a02a78e?xsec_token=AB6HpnQHtkmGYi4JPLFmLKwAqlX7sI4aCDlb0JtrGPiA8=&xsec_source=pc_search
未知博主,南宁青秀山风景区极简攻略小红书,南宁青秀山5A级景点地址：南宁青秀山北门（适合孩子）带孩子游玩，导航到北门我是早上910分到达青秀山，人比较少买票攻略：1700前进青秀山夜花园都可以用20元的门票，无需补票儿童120140米学生老人10元南宁夜花园时间：202576914日入园左右两边扫码租婴儿推车，5元半个小时，60元封顶步行游览路线参考：北门进进门花坛左走口兰园方向走，可以先游览荫生植物园月下人家月光风铃径香蕉林恐龙世界繁花世界（有行走的）丰收稻田奇花异卉（主要区域）特色：水母、人脸花、食人花、树爷爷、麋鹿、白雪公主七个小矮人、霍比特小屋（树爷爷7点半后通电会动）魔幻森林（毒蘑菇森林)恐龙再现返程花园市集（卖吃的，娃哈哈水3，柠檬茶小吃1015之间）哪吒闹海、火舞表演！（具体时间问工作人员）以上是我一拖二走的路线，前后逛了6个小时，婴儿车刚好花了60大洋，没有坐观光车，景点都比较近带宝宝出门建议做好防晒工作宝宝用品建议：防蚊水、防晒衣、帽子、水壶、纸巾湿巾、小零食（多备点补充能量）建议宝宝穿长裤更有效防蚊虫（小点点蚊子还是蛮毒的）可爱自成一路永远相信童话南宁南宁青秀山城市中心的童话森林南宁景点一拖二周末溜娃计划暑假溜娃南宁打卡,424,463,49,https://www.xiaohongshu.com/explore/6881b020000000002400eeba?xsec_token=ABQEIvoC44APMzsbJo0PljJVDM4KSxWPCEXlgh22WGMjw=&xsec_source=pc_search
未知博主,总要来青秀山看一次郁金香吧小红书,2月16日去的青秀山，正巧丘石花园的S弯道换郁金香，没有拍成，只能随意挤出有郁金香的地方卡卡拍所以，姐妹们，如果想拍S弯道的，一定要看当天其他小伙伴发的小红薯实况，别踩空了青秀山·丘石花园一键播放春天交换春天南宁拍照南宁南宁打卡南宁青秀山郁金香花情实况播报郁金香摄影南宁约拍,15,5,6,https://www.xiaohongshu.com/explore/699744d50000000015022b80?xsec_token=ABrZBWzHjnYNzAOdKbMRBGrg7peFj8PfwooZB4BbEuDpA=&xsec_source=pc_search
未知博主,青秀山2026第一波豆梨花开爆了！小红书,打卡点：东门进叶子花园网红梨花树（花垂到地面超好拍）林间春雪，人间清欢素白缀枝，风动花落是南宁独有的早春浪漫不必远行，在城市绿肺里赴一场不谢的花事花期正好，宜见面，宜拍照一键播放春天南宁拍照南宁打卡青秀山东门青秀山豆梨花南宁青秀山豆梨花摄影拍照南宁,301,91,32,https://www.xiaohongshu.com/explore/6991e5eb0000000015022d71?xsec_token=ABG6MDab1GI4YOlj8Syo0qhAeFm1XZS2jxS7RGfJblORA=&xsec_source=pc_search
未知博主,这青秀山非去不可吗！！！小红书,过年期间的青秀山感觉有一亿人，感觉所有人一起去青秀山过年了。无论是白天，还是晚上的花灯展，感觉这辈子都没有一下见过那么多人流20万大军啊！！！太壮观了看图片感受一下人哈，灯会青秀山东门青秀山樱花青秀山灯会南宁过年南宁去哪玩青秀山风景区,6,1,7,https://www.xiaohongshu.com/explore/69961223000000001600b150?xsec_token=ABBh620gnukTQePWO27T--80fYMTTx1lTvSVAcMCDah-g=&xsec_source=pc_search
未知博主,青秀山东门莫奈花园攻略小红书,青秀山东门拍照攻略继北门攻略后，第二天下午从东门进入（买的是3日联票）东门主打拍照且相对人少，一进门就有一片超大的草地1景点：进门大草坪叶子花园水生花园（东门拍照神操作！）2路线全程步行可到达！如要去别的景点可在莫奈花园出口乘坐小火车哦3穿搭：建议白色裙子或可爱风的裙子拍照更出片哦，（看见一个小姐妹穿着洛丽塔巨好看，很适合在水生花园拍照）：夏季建议下午5点后再来，不然太热了，容易中暑，还要注意防晒防蚊哦像莫奈花园般的云台花园误入了莫奈的花园植物园草坪拍照草坪阿勒泰南宁青秀山青秀山拍照感觉走进了油画里,55,24,7,https://www.xiaohongshu.com/explore/68467709000000002301215c?xsec_token=AB4XMyWlaOO6OmrkJfAJO_MiGb4IMy5tR-ZCBICO7OAvA=&xsec_source=pc_search
未知博主,南宁·一日游穿越之旅小红书,从城市绿肺公园，逛到时髦商场，再穿越回古邕州和东南亚，最后在梦幻夜景中结束，节奏超棒，分享给你们我们的路线：青秀山（吸氧赏花）万象城（午餐逛街）三街两巷（逛吃老街）方特东盟神画（沉浸游玩夜景）上午：青秀山·闯入冬季限定的莫奈花园我们把上午交给了冬天的青秀山，这里简直是南宁12月的浪漫顶流！完全不是想象中冬天的样子，反而像闯进了一个巨大的莫奈花园打卡推荐：（花期到月底）1、菊花展正当时：直奔丘石花园，这里正在举办超美的菊花展。数万盆菊花像打翻的调色盘，黄的、粉的、紫的，五彩斑斓2、邂逅异木棉的粉色浪漫：看完菊花，可以去樱花园附近转转。这里的美丽异木棉开得正好，满树粉色的花朵，在蓝天下特别灿烂，像一片温柔的粉霞中午：万象城·吃顿大餐再逛逛时髦商场从青秀山下来，直接去附近的万象城解决午饭。这里是南宁很时髦的商场，六楼餐饮区什么菜系都有。吃完饭可以顺便逛逛万象城内巷，消化一下下午：三街两巷·穿越回百年前的邕州老街下午就去超级有味道的三街两巷历史文化街区。这里是南宁的根，青砖黛瓦的骑楼老建筑特别有感觉。可以一起逛逛创意小店，这里也有各种小吃美食！（晚上更多人）傍晚amp晚上：方特·闯入东南亚梦幻夜重头戏来啦！下午晚些时候直奔方特，开启奇幻之旅。必玩项目：伴你飞翔、千岛之歌、拉玛传奇圣诞氛围：乐园里会有超浓的圣诞装饰！夜景与演艺：晚上整个乐园灯光璀璨，东南亚风情的建筑在夜色中特别漂亮。（不想去方特，晚上可以去亭子码头，夜景也超美）特色小吃美食1老友粉2南宁酸嘢3柠檬鸭4粉饺5生榨米粉6卷筒粉7咸蛋黄烧麦8假蒌夹9五色糯米饭大致花费（两人）玩（门票）约440青秀山(20x2)方特东盟神画(约200x2)吃（美食）约300万象城午餐三街两巷小吃乐园内零食行（交通）约100全天打车（景点间有一定距离）总计约840丰俭由人，不去方特可以减400南宁约会情侣一日游圣诞季绿城漫游城市热门路线值得为吃而去的小城南宁美食,580,374,8,https://www.xiaohongshu.com/explore/6949075e000000001e005113?xsec_token=ABU9Pn6Iuj8rkebqvP3azjBrxg1DhJ2k2m_ZANKMVvDNE=&xsec_source=pc_search
未知博主,南宁青秀山小红书,青秀山最舒服路线建议从东门进。东门门头超大超气派，是主入口，最近有灯会，财神爷就在这边超好拍。东门的花最多，一进来就是大片花海，先狂拍再逛。拍完花直接坐观光车10元人一路坐到北门·荫生植物园阴凉舒服、空气巨好，拍照超清新全程不费腿、不绕路、不暴晒懒人带娃拍照党直接抄这条路线！青秀山南宁青秀山南宁旅游南宁攻略青秀山攻略南宁灯会南宁赏花,15,4,0,https://www.xiaohongshu.com/explore/698f18c5000000000b011c3b?xsec_token=AB758bU8MzPDFBZ5U5aytmZvFJI_TjfDhMhhPA-usKSlg=&xsec_source=pc_search
未知博主,青秀山今年的南宁夜花园又美出新高度啦！！！小红书,Live图原图直出！你不来一次青秀山永远不会知道夜花园有多震撼！从北门进，魔幻森林哪吒火舞恐龙再现繁花世界奇花异卉花园市集丰收的稻田4公里的超长游览路线步步皆景手机拍到内存不足建议下午六点入园白天和晚上开灯的景观都能看个够注意做好防蚊，防雨措施哦青秀山青秀山拍照青秀山夜花园南宁拍照南宁打卡南宁周末去哪儿南宁夜花园南宁攻略南宁旅游青秀山游玩攻略,121,24,13,https://www.xiaohongshu.com/explore/686d0efb000000001c036136?xsec_token=ABNGUbz67tRqg9Z1HP4Sc3X7pZ5u3ctpGlAiKhrLSQ9XA=&xsec_source=pc_search
未知博主,大年初二带崽来青秀山咯小红书,南宁南宁青秀山青秀山青秀山从哪个门进广西文旅13点入园，还是普票，美团18元17点入园，灯会门票48元听从攻略，北门入园先左转看兰花，看荫生植物园，看仙境Okay出来后排队买小火车票排队10分钟买到票1434付款10元一张单程票现在在排队等着坐火车SSS型的队伍看一下几点能坐上出发去东门叶子花园灯会植物园,32,17,24,https://www.xiaohongshu.com/explore/699561ac000000001a02cf77?xsec_token=ABJgOr2CckGvXRBl0rQ3B14PoGYomcsa3Mk0tG6yERwbw=&xsec_source=pc_search
未知博主,青秀山你别太出片了小红书,呜呜勇闯自媒体第一条plog，留给青秀山！！南宁真的好幸福，青秀山真的好出片。我是坐地铁1号线到的凤岭，然后骑小电驴去的东门，因为做攻略东门风景更好！果然没错，进门就是孤独之树那个大草坪，真的好棒好棒！我是下午三点左右才入园，这个时候太阳最合适最出片，拍完东门的花花之后我就坐小火车去了北门，去打卡荫生植物园！有很多拍照的摄影老师，但是我自己带相机了没有找她们dazz闪光灯就超级超级出片了，而且当时我是工作日太阳快落山，已经要黑天了，人超级少，自己直接拍拍到爽！南宁青秀山Nikonz30dazz植物园公园拍照青秀山南宁solotrip一分钟拍照灵感逛公园plog出片一个人旅行拍照,15,0,4,https://www.xiaohongshu.com/explore/6984d777000000000e00d0aa?xsec_token=ABHG9spg9V2aBpk3EdGxjz-jk8n412StYw19odDl9jN7Q=&xsec_source=pc_search
未知博主,很失望的老牌5A级景区，突然变好玩了小红书,2015年到南宁去了青秀山，那时刚评为5A级，10年前5A级景区数量少，含金量高，去之前抱很大希望，去之后大失所望，感觉就是个公园，种满了各种花，怎么就评上的5A级。这次到南宁，又去了青秀山，不知道是心境变了还是记忆错乱了，觉得景区大不一样了，花少了很多，开发了好多新景点，人不多，空气特别好，拍照也挺好看。来南宁旅游，青秀山还是必去的，个人觉得北门的荫生植物园、龙象塔附近都很不错，值得重点打卡。我是西门进北门出的，听说东门附近有各种花展，下次有机会还要下去。地铁在西门。周末去哪儿跟着兴趣去旅行旅行攻略广西旅游南宁5A景区南宁拍照青秀山一个人的旅行赏花,405,66,389,https://www.xiaohongshu.com/explore/6996f435000000001d026ebb?xsec_token=ABBh620gnukTQePWO27T--86fla4Ygg6ggPu13R8CAC3k=&xsec_source=pc_search
未知博主,南宁青秀山春节灯光恐龙展小红书,门票：48元位主会场：青秀山东门时间：1723点停车场：19点多去全部停满，只能停马路对面，10元次推荐表演：铁花秀（在最里面的大草坪上）9：20最后一场，看完原路返回小朋友最爱：恐龙乐园，机器人表演（表演时间最后一张）总体还可以，春节人很多，注意带好小朋友。南宁青秀山灯光展青秀山东门,7,3,2,https://www.xiaohongshu.com/explore/6998492a000000001b01cb37?xsec_token=AB1QIAmiGMN94ST_lElVw_qaYrWEutVhTos9G6plxKNac=&xsec_source=pc_search
未知博主,南宁青秀山小红书,赶上黄花风铃木啦人真的是爆从东门进去左转走五分钟就可以乘坐小火车到达建议穿高跟鞋的美女们还是找一个进门就能做小火车的呢公园拍照南宁拍照黄花风玲开花交换春天,246,27,12,https://www.xiaohongshu.com/explore/67dc37eb000000001d02559b?xsec_token=AB30WS7ISzSWY0kMNdbbeW7E60jrCZMShFOgA_FA3Q8Uc=&xsec_source=pc_search
未知博主,青秀山的大渔樱开好了，看灯会不要错过！小红书,在樱花园的入口就是，位置不高适合人像南宁文旅南宁周末去哪儿青秀山赏樱南宁拍照南宁青秀山青秀山拍照,115,31,20,https://www.xiaohongshu.com/explore/699ae7b1000000001503254c?xsec_token=ABi4PkukvksRZU_0MnxH6NsPkJdWUZYRONeHwEgle-cYs=&xsec_source=pc_search
未知博主,青秀山小红书,植物园好多人拍照，懒得挤，不然还挺好看的，肯定出片（一堆搞像素蛋糕的摄影）。里面好大，今天走了两万六千步，白天好热。晚上的灯，好复杂好乱，好多昆虫。还一直叽叽喳喳叫，好有氛围感（吵好笑）。晚上灯会要另算钱，所以五点后不要离开那个范围总体挺好的，好地方南宁,5,0,1,https://www.xiaohongshu.com/explore/68b466d5000000001c030f7a?xsec_token=ABDGg8nvfy6Vgh5VH-2EYCOJO5rjz4bEAfVNO7bVRbqYM=&xsec_source=pc_search
未知博主,孙恩盛同款花海！就在青秀山叶子花园小红书,来青秀山一定要走走东门！白天拍孙恩盛同款三角梅花海晚上看新春梦幻灯展一票玩全天，不绕路、不花冤枉钱！孙恩盛同款三角梅叶子花园东门进！步行2分钟直达漫山玫红三角梅开爆，明星同款机位随便拍花坡仰拍逆光背影，原图直出封神绝美新春灯展东区超震撼东门进直达灯区，不用换乘！财神灯组、梦幻城堡、巨龙灯海夜晚氛围感拉满，约会拍照遛娃都绝省钱秘籍导航：青秀山东门交通：公交W34路旅游2路直达东门门票：日间20元；夜间灯会48元建议：1700前从东门入园，只需买日间门票20元，晚上不用再买灯展票！免费看到闭园！一票通玩白天花海晚上灯展，直接省48元！南宁青秀山青秀山灯展孙恩盛同款青秀山东门攻略南宁拍照南宁周末去哪儿像莫奈花园般的云台花园花的世界花的海洋一起去赏花花展,18,12,5,https://www.xiaohongshu.com/explore/698d8642000000000e03ced4?xsec_token=ABfWC8xbHBjd_eYd7BA-YMw9sCav8O20DYADXLCrLdA1U=&xsec_source=pc_search
未知博主,南宁人你们嘴也太严了小红书,是谁说青秀山半小时能走完逛完的网友们有没有实话我全程做了三四次观光车每条线都是不同的然后景区非常大比较亮点的地方在植物园兰园那边观光车每次都是单次票一人五元一次中途可以下车但是在上车需要再次购票实际走起来整个景点就二十多公里吧相当于半马我跑半马也要两个小时左右天气太热了走起来还是有点难受建议这个季节坐车吧门票抖音十七元观光车差不多二十到三十景色还是非常不错的值得一去最后补一句南宁真没有180帅哥呀景点旅游广西南宁避雷攻略运动逛健身假期,157,4,21,https://www.xiaohongshu.com/explore/6846ebee000000002001d1a1?xsec_token=AB4XMyWlaOO6OmrkJfAJO_MqfYfzRqGvXp8I7ALKr04Ns=&xsec_source=pc_search
未知博主,南宁青秀山东门的豆梨花小红书,东门进去穿过叶子花园就看到了，就是水生花园旁边。缺少晴天，不然更出片，不过花的味道嘛，估计很多人不喜欢觉得臭。2026223。交换春天花情实况播报一键播放春天梨花春天的温柔已长满枝头千树万树梨花开南宁青秀山东门,7,1,4,https://www.xiaohongshu.com/explore/699c7670000000000e03c893?xsec_token=AB0yUl1vkuGH3S5coyGMiCKIp2Elyg8PdAF_0iVbJWOL4=&xsec_source=pc_search
未知博主,我在南宁青秀山发现了呀哈哈小红书,如题！（图2）南宁还有啥宝藏，我还没发现的？塞尔达植物园绿色大自然呀哈哈塞尔达呀哈哈,48,2,28,https://www.xiaohongshu.com/explore/68ff0ab8000000000300cadb?xsec_token=ABnP4WOOGoCNzVy1_ULNP6GcwfEx-FGqXfu1RpP0TnV1M=&xsec_source=pc_search
未知博主,南宁青秀山一定要带娃去一次小红书,宝子们，青秀山不仅是南宁的绿肺，更是孩子的自然课堂快乐天堂，作为带娃三刷的遛娃达人，真的力荐门票信息成人票：20元人（建议提前在携程美团买，有时有优惠）儿童优惠：12米以下免费，618岁半价（带好身份证或学生证）交通指南地铁：3号线青秀山站B口直达西门，适合市区家庭自驾：导航青秀山北门东门，推荐北门（停车方便近萌宠乐园），东门有小火车直达花海观光车：5元人次，站点多覆盖全园；小火车10元人次带娃必打卡景点1荫生植物园梦幻喷雾：每15分钟自动喷雾（官方推荐90011001400时段最美），阳光透过藤蔓洒下，瞬间变身绿野仙踪！带娃穿浅色衣服拍照绝了，还能认识桫椤、猪笼草等珍稀植物2环山秀坪孔雀互动：草坪上散养着孔雀，带娃用面包屑投喂（11001500投喂时段最活跃），看它们开屏超震撼！周边有十八童子雕塑，适合拍童趣合影野餐天堂：100亩大草坪可搭帐篷、放风筝，记得带防潮垫和零食，玩累了直接席地而坐3丛林乐园无动力设施：攀爬网、滑梯、蹦床、摇摆桥分龄设计，312岁都能玩到尽兴！旁边还有超大沙滩，孩子挖沙能玩2小时不腻萌宠互动：小羊、兔子、矮脚马，可近距离投喂（饲料5元份）4兰园恐龙世界兰花秘境：中式园林设计，不同季节有蝴蝶兰、石斛兰盛放，穿汉服拍照氛围感拉满恐龙乐园：北门入口处的恐龙世界有逼真恐龙模型和互动装置，孩子边玩边学恐龙知识带娃专属路线推荐轻松版（4小时不费妈）：北门进恐龙世界荫生植物园（拍喷雾）观光车至环山秀坪（喂孔雀野餐）小火车至丛林乐园（放电2小时）东门出（顺路逛莫奈花园）餐饮指南小吃摊：烤肠、玉米、烤鱿鱼等，快速补充能量苏铁园餐厅友谊长廊：提供简餐、粉面，人均3050元实用小贴士1装备建议：防晒：帽子、墨镜、防晒霜必备，喷雾区可带小风扇防蚊：穿长袖长裤驱蚊贴，园区蚊虫较多2时间管理：喷雾、孔雀投喂、小火车班次都有固定时间，建议关注景区公众号提前查好夏季避开12001500暴晒时段，上午9点前入园人少体验佳青秀山真的是南宁亲子游天花板！既能让孩子亲近自然、释放天性，又能满足老母亲的拍照欲赶紧收藏这份攻略，假期带娃冲吧！南宁青秀山亲子游攻略遛娃好去处假期去哪玩,459,575,28,https://www.xiaohongshu.com/explore/685b6fd1000000002001809a?xsec_token=ABkSqyj9ETdSyHBKKUDWB3uBBsofmoX0Q_kLWnlpAMpTE=&xsec_source=pc_search
未知博主,花的海洋公园南宁青秀山小红书,景点：南宁青秀山门票：20元，可以购买一日票或者三日票，价格一样。游玩时间：建议半天到一天游玩路线：北门进荫生植物园兰园（各种蝴蝶兰）草坪孔雀（兰园这里也有草坪，也能看到孔雀，不用特意去环山秀坪）恐龙走廊回北门坐观光车到观音禅寺步行5分钟到古今穿越打卡点坐观光车回北门坐小火车到东门水生花园叶子花园东门出北门附近：兰园，荫生植物园（图1）东门附近：水生花园，叶子花园（东门就是花的海洋）观光车：5元趟小火车：10元趟南宁旅游南宁青秀山南宁青秀山拍照,15,8,1,https://www.xiaohongshu.com/explore/69957873000000001a037422?xsec_token=ABJgOr2CckGvXRBl0rQ3B14F0JFEJZbqm0RbwRKFlFdkY=&xsec_source=pc_search
未知博主,植物爱好者来南宁青秀山会激动的疯掉！小红书,青秀山真的是一个巨大的植物园植物种类非常丰富，各种景观设计也非常的巧妙每一块区域都有不同的风景和特色最喜欢北门区域高大的植物搭配小巧灌木，水系绿植的搭配，苔藓世界的水雾秘境在这里的每一株植物长势都十分喜人，肥肥壮壮！没有刻意修剪，好像也不需要过多的呵护，就自顾自的生长着，带着自然与野性25年6月6日爱大自然里的一草一木一花南宁青秀山植物的世界热带植物青秀山北门南宁旅游植物的力量热带雨林植物植物园你可以永远相信南方绿化带,776,215,262,https://www.xiaohongshu.com/explore/6850412b0000000023001690?xsec_token=ABU1kp8uJX3i9KbOpxEPdFNMRgbKu9rHksS5rHJG4r_04=&xsec_source=pc_search
未知博主,在南宁，遇到春天的浪漫，青秀山218实况小红书,踏入青秀山叶子花海，真的美到失语！满山遍野的三角梅，像打翻的调色盘，玫红、橙黄、雪白瀑布般倾泻而下。春节氛围感直接拉满，随手一拍都是人生照片实战经验1我下午开车到东门停车场，人很多，景区停车场车位停满了，停到马路对面停车场，建议早点出发。2景区叶子花，郁金香开的正盛，其他花还未到盛开期南宁青秀山景区赏花前线户外踏青赏花赏花好去处花的世界花的海洋一起去赏花,5,2,3,https://www.xiaohongshu.com/explore/69969eac000000000e03fb00?xsec_token=ABBh620gnukTQePWO27T--80exX2SimCePF31H3oRk0z0=&xsec_source=pc_search
未知博主,差点在青秀山叫救援小红书,氧含量太高啦差点在青秀山醉氧了爬哪不是爬来青秀山吸收能量啦大自然会把大人变成小孩少与人纠缠多接触大自然青秀山荫生植物园森林氧吧尽情呼吸醉氧了南宁,105,3,58,https://www.xiaohongshu.com/explore/699e8365000000002603e83f?xsec_token=ABi8n4xnI00PHyPWIuQZ2MJxQL_W_zklOw5Jcxaxnc8ws=&xsec_source=pc_search
未知博主,青秀山丨雨中的桂花香小红书,青秀山桂花园正是桂花开的季节，碰上最近的烟雨天掉落满地桂花，桂花的香味更浓了我的摄影日记摄影拍照满城桂花香风里已经有桂花香南宁小红书全屏图全屏封神挑战,430,72,43,https://www.xiaohongshu.com/explore/690c17900000000007022400?xsec_token=ABpe26vc8Pl3mOvKI_fwehucYAebCq_BmiBr-6my3XxHg=&xsec_source=pc_search
未知博主,青秀山，直接去东门吧小红书,看了一堆攻略，从北门进的。北门我个人感觉真没什么停车巨堵！！！荫生植物园稍微好看一点点，但不大，且人很多。兰园，唔，不好意思评价。然后可以去坐小火车，敲重点！！！今天，5点告知坐小火车去东门需要等2小时！！！然后我从北门出来了，此刻凭运气，准备从东门再进了祝我好运哈哈哈哈哈太难了后记：从东门进了，早该从东门进呀！！！青秀山广西南宁植物园,6,0,20,https://www.xiaohongshu.com/explore/699982d8000000001a036277?xsec_token=ABb6dD341N0uJFZhNHFQ62YYMW5b7z0xVglsMQDSq9_CQ=&xsec_source=pc_search
未知博主,青秀山的三角梅太燃了小红书,青秀山风景区很大东区叶子花园的三角梅景色很壮观造景很成功，可以拍照的地方很多，非常出片。红红火火，热热闹闹，过年的好去处推荐推荐推荐青秀山三角梅,6,2,0,https://www.xiaohongshu.com/explore/6995dd96000000001d010b0e?xsec_token=ABJgOr2CckGvXRBl0rQ3B14NvRujwZ2UMqzFtLqYFfuBY=&xsec_source=pc_search
未知博主,荫生植物园你太好拍了吧！一堆人排队拍照啊小红书,荫生植物园你太会拍了吧！一堆人排队拍照啊爱拍照的友友们！我发现了什么神仙拍照圣地！荫生植物园真的绝了！一进门就被满眼的绿植包围了，仿佛走进了热带雨林随手一拍都是大片感，根本不需要滤镜！每个角落都美得让人窒息，难怪一堆人排队拍照最爱的就是那个藤蔓缠绕的拱门，阳光透过树叶洒下来，简直不要太梦幻还有那个超大的仙人掌区，ins风满满，随便摆个pose都能刷爆朋友圈Tips：1建议早上或者傍晚去，光线最柔和，拍出来效果最好2穿浅色系衣服，和绿色背景更搭哦3记得带驱蚊水，植物多的地方蚊子也多青秀山北门，北门进了以后直走看到有个小卖部就到了荫生植物园拍照圣地网红打卡周末去哪儿植物园拍照小众景点南宁约拍荫生植物园南宁青秀山,76,23,52,https://www.xiaohongshu.com/explore/67c3bcff0000000007037fc8?xsec_token=AB_rQHdBrWUmR3pO_CE7Y9ZCH3OkXUMYdx9XMIv2z3oY8=&xsec_source=pc_search
未知博主,南宁陪拍南宁也有热带雨林啦！小红书,地点：青秀山风景区设备：富士tx4腾龙镜头1770南宁陪拍南宁约妆热带雨林风情约拍户外好出片穿越热带雨林小众拍照地富士直出南宁南宁拍照春天拍照青秀山拍照,23,16,3,https://www.xiaohongshu.com/explore/6845b1400000000022007f45?xsec_token=ABTNqF1QXnqHUy2ns95v3QDiduOtLOrwbDVI24uzv3suY=&xsec_source=pc_search
未知博主,青秀山人多？AI修图一键还原美貌小红书,过年青秀山人从众让青秀山黯然失色但ai一键还原青秀山美貌南宁青秀山南宁旅游旅游拍照ai,2,0,3,https://www.xiaohongshu.com/explore/699afa54000000000a03ef77?xsec_token=ABi4PkukvksRZU_0MnxH6NsDYMEVRH2EUEtxcTytj1fqo=&xsec_source=pc_search
未知博主,青秀山新春灯会一日速通攻略小红书,郁金香新春灯会1路线（1700入园）：青秀山东门叶子花园豆梨草坪梅园音乐大草坪丘石花园（郁金香）音乐大草坪（观赏火艺秀、飞天舞狮、飞天火壶、非遗打铁花）竹园星空草坪羽杉栈道水生花园叶子花园东门。2北门、西门入园可直接坐小火车至东门，游玩叶子花园、水生花园、豆梨草坪、梅园、丘石花园。西门东盟友谊园有新春百花展以及园林小品。3目前青秀山能欣赏花期：丘石花园郁金香、梅园宫粉梅、水生花园大花飞燕草、豆梨草坪豆梨花、绚兰花田金鱼草。4撤离攻略：观赏完新春灯会可以乘坐小火车至北门或西门。北门比较好一些，近万象城地铁站。东门打车比较难，推荐走到天桥对面打车会好一些。东门那边共享较少。南宁周边游南宁旅游南宁,65,69,11,https://www.xiaohongshu.com/explore/699b1656000000000e03ca97?xsec_token=AB13t8-SEquXXZifEhCUShU6RjkON6cqaPPjHHcoAbPXQ=&xsec_source=pc_search
未知博主,初四的南宁青秀山，梨花有部分盛开啦小红书,梨花好漂亮，有几棵已到盛放期，就是人挤人。中午万象城吃了失重（还挺科幻的，孩子喜欢），下午转战南湖，人少很多，早上可以冲，下午四季花园的蘑菇树其他博主推荐的机位会逆光(图13），调色甚至ai也调不好，没了那种纵深层次感。梨花南宁青秀山青秀山南宁,29,4,10,https://www.xiaohongshu.com/explore/69983b82000000000a02df09?xsec_token=AB1QIAmiGMN94ST_lElVw_qSDrxY8fVo8Xpf3wz80UHjM=&xsec_source=pc_search
未知博主,避雷，南宁青秀山景区！小红书,过年绕道走，景区管理混乱，坐景区火车观光车，毫无工作人员指挥，全是人插队，只能欺负老实排队的人！青秀山,42,8,303,https://www.xiaohongshu.com/explore/69942de1000000002801c8de?xsec_token=ABKoAlO1NpYJA_ONVrjGnzS20cZ0GdRELQbPFNl-Dbf28=&xsec_source=pc_search
未知博主,青秀山叶子花小红书,好美好美，像夏天青秀山三角梅叶子花,1015,135,28,https://www.xiaohongshu.com/explore/6932e6bc000000001b020748?xsec_token=ABocUVjH3avbd6hpBHF11qrNg34rIap3OO5OPBHEocOdg=&xsec_source=pc_search
未知博主,青秀山很美，但是再也不来了小红书,初一去青秀山，按原来网上查的，先北门看荫生植物园，再到东门看花灯，五点前还能省个灯票，结果，这路线如果淡季是挺好，春节完全没有用！下午到了北门，外面厕所排队半小时，咖啡厅上厕所还得先买个咖啡，好，我去了，进了青秀山，北门的小火车站点停了，这么多人，停站点？不知道什么逻辑，荫生植物园知道人多，有预期，溜达一圈就走了，继续去下面的小火车乘车点，我的天，管理混乱，指示不清，不知道在哪儿买票，就知道跟着人流排队，后来还有人插队，愣是排了至少一公里，排了一个小时，景区里厕所也是各种排队，等我到东区已经五点半了，然后又补灯票，进东区，看花灯，看无人机，说实话，没看过的会觉得很好看，现在景区很多都有打铁花，所以也就没啥特殊的了，但是丛林乐园真的很适合遛娃，很大一片，孩子可玩的很丰富，孩子玩半天也没问题，这个点赞最无语的是晚上出门打车，老人八点多就出去了，愣是半个小时没打到车，又等到我们九点多出去一起打车，而且门口也打不到，往前走到公交站，公交实在是太小了，南宁平时坐公交的人这么少嘛，根本挤不上去的，而且间隔时间至少20分钟了，最后可能上天怜悯我，十点多打到了车，到酒店都十点半了，这个初一过得一言难尽避开高峰期旅游,15,9,25,https://www.xiaohongshu.com/explore/6995497b000000002802209b?xsec_token=ABJgOr2CckGvXRBl0rQ3B14FW5RKp5lIWx5jfQBhceFRU=&xsec_source=pc_search
未知博主,青秀山丘石花园小红书,今年的第十届青秀山菊花展是在东区的丘石花园，这样的美景你会来打卡吗？南宁好玩的地方推荐南宁游玩推荐来南宁一定要去的地方青秀山风景区,888,196,99,https://www.xiaohongshu.com/explore/692b9e89000000001b032ff4?xsec_token=ABOBUU-KO6deCeeHnDxi9GEAbtUItOYEGu6GSpYTENEj0=&xsec_source=pc_search
未知博主,2026青秀山新春灯会活动预告小红书,非遗里的中国年元宵奇妙游尽显人间烟火气春节青秀山灯会,817,1000,207,https://www.xiaohongshu.com/explore/69798137000000000b012b8d?xsec_token=AB-Yvnw9uNFHq-Ay6PcWQXCEsSvo0_E54Th-M-Yw-paL4=&xsec_source=pc_search
未知博主,南宁青秀山赏花全攻略！20元就能拍出大片小红书,地点：广西壮族自治区·南宁市·青秀山门票：20元（学生半价，记得带学生证或提前打开学信网证明，有人检查）推荐入口：东门（看花最近！）花海打卡，美到窒息！虽然郁金香已经谢了，但丘石公园的花海依然让人惊艳！几十种花卉争奇斗艳，形态各异，色彩缤纷，随手一拍就是大片！重点推荐：丘石公园，从东门进去步行就能到，花海集中，拍照绝佳！小火车游园，轻松又省力！每个景点都有站点，随时买票上车，近的10元，远的20元。推荐路线：从丘石公园坐小火车到北门，途经兰园和植物园，20元搞定！中途可以随时下车，超方便！小贴士：植物园其实不大，绿球打卡点人超多，排队时间长，时间紧的话可以跳过游玩时间建议如果只专注赏花，东门进东门出，全程步行23小时就能搞定；看花和植物园则东门进北门出。未来花期预告：黄风铃和樱花即将盛开，到时候会更美，记得再来打卡！总结青秀山绝对是南宁赏花首选！20元门票超值，花海美到让人不想走！赶紧出发！南宁青秀山赏花攻略南宁旅游花海打卡周末去哪儿南宁广西旅游旅游青秀山花海,74,34,13,https://www.xiaohongshu.com/explore/67d0122a000000002803ca66?xsec_token=ABwQlaurj600ZFx4X4g0XrRDPAz1PM5u9l4wEUFCFESOg=&xsec_source=pc_search
未知博主,青秀山根本没有索道小红书,来给大家避个雷，小红书排第一的笔记给人有误解。实际上青秀山根本没有索道，只有小车车。但是不得不说，风景真好感觉在森林里青秀山青秀山拍照,32,3,221,https://www.xiaohongshu.com/explore/6863779c000000002400f018?xsec_token=ABr8bR19cGkpDm8BBtzDDQZMwoEBAPnU7wj_HYaEgaqY8=&xsec_source=pc_search
未知博主,广西南宁旅游攻略三天两晚深圳来回小红书,住宿推荐住在朝阳广场或者金湖广场附近，朝阳广场距离小吃街市中心近，金湖广场距离青秀山和南宁东站近。我们选择住在金湖广场附近南宁站距离市区近Day1下午三点到南宁东，距离酒店只要十来分钟亭子码头（有一个很大的欧式城堡还有码头）大唐卷筒粉（味道很像广东的肠粉）平西夜市（人超级多在入口前一家吃了蜜糖烧烤意外的好吃）水漾集市国庆期间每日4场1830194020402130地点：水漾市集2号门楼梯下方（邕江畔）最佳机位前排靠过道位，中间13排，拍视频最稳口Day2邕味老友（超级好吃！但排队真的要很久至少一个小时。推荐老友粉和干捞粉，都很好吃）老嘢扣肉糯米饭（就在老友粉四五百米附近，本地的司机说之前有人为了抢这份糯米饭打架进局hhh）布蕾波波奶茶（感觉有点普通）茶麸洗头随便选了一家附近在万达的茶麸洗头，特别舒服！喜欢茶麸的那个水帘仪器，尝试了一下生姜洗头，只敢用三分之一的量就辣得不行了酒店午休青秀山（下午三四点到依然阳光超级大。成人票20一张，注意国庆期间五点之后票价会上涨）侏罗纪爆炒生料（本地司机推荐的！好吃！料汁真的绝了）南宁万象城（平日晚上十点关门）Day3广西宴（点了鸭脚煲还不错）南宁地标楼梯打卡0元打卡地标·东盟盛天地南宁南宁攻略南宁美食南宁拍照广西旅游广西南宁广西美食南宁旅游攻略换座城市过周末非特种兵旅游,260,267,8,https://www.xiaohongshu.com/explore/68e3b2e7000000000301917b?xsec_token=ABQu5nBDe2kbFRdLL-2r62mNdEeDpHfQlXbQeY7-kOhVM=&xsec_source=pc_search
未知博主,南宁青秀山小红书,南宁青秀山五点前进可以免票看灯会和新春汇演吗,27,24,45,https://www.xiaohongshu.com/explore/69953523000000001600aca9?xsec_token=ABJgOr2CckGvXRBl0rQ3B14PEfbBFONEW5ks7ubCBL968=&xsec_source=pc_search
未知博主,南宁青秀山小红书,青秀山真的太美了虽然天气不太好时间也很赶虽然春节期间人头攒动摩肩接踵虽然没来得及去荫生植物园但还是被春天的灿烂花海打动丘石花园的郁金香水生花园的大花飞燕叶子花园满山的三角梅看不够真的看不够小蓓超级兴奋跑了一路期待下次再来交换春天一键播放春天大自然就是最好的滤镜南宁旅游青秀山青秀山东门南宁青秀山,468,58,145,https://www.xiaohongshu.com/explore/699745100000000009038079?xsec_token=ABrZBWzHjnYNzAOdKbMRBGriRF6cfutWAXAhqfKNRFA6k=&xsec_source=pc_search
未知博主,305青秀山实况：黄花风铃木小红书,今又来看黄花风铃木咯周一路两边的黄花风铃木还没开今天再去，已经全开了遗憾的是观景台那片还没开月中应该到了最佳花期拍摄时间早上7点半青秀山南宁黄花风玲开花踏青赏花好去处一片黄色的花海油菜花的季节油菜花故事的小黄花日出春季赏花好去处,84,12,48,https://www.xiaohongshu.com/explore/67c7e97f000000002901bfbf?xsec_token=ABRqgJUbpYJhwTTUFx1439cfnVo0enXBgPgVS8Hg_1jy0=&xsec_source=pc_search
未知博主,欢迎收看05女大学生南宁之旅plog小红书,从深圳坐高铁出发，3小时左右就能直达，超方便！来和大家分享我的游玩攻略啦拍照打卡来南宁一定要去地标打卡！和南宁两个字大合影，随手一拍都是旅行纪念大片。要是觉得手机拍不出感觉也别担心，路边有很多专业摄影师，他们用相机拍出来的照片超有质感，高级感直接拉满！美食推荐邕味老友粉：这家店人气超高！我们去的时候排了整整四十分钟的队，南宁天气比较热，建议宝子们带个小风扇。店里空间不大，人多的时候也会有点闷热。我点的猪杂汤粉，酸酸辣辣的，特别开胃，味道很赞！舒记老友粉：强烈推荐干捞猪杂粉！相比于汤粉，干捞的更加入味，猪杂处理得很干净，搭配上秘制酱料，每一口都超满足，吃一次就忘不了！酸野：一定要认准酸品王！我在路边随便买过两次，都踩雷了。酸品王的酸野种类丰富，腌制得恰到好处，酸甜脆爽，口感绝了，是正宗的南宁味道！果酱烧烤：打卡了酒里·宜州果酱烧烤，酸酸甜甜的口感太特别了！各种肉类和蔬菜刷上果酱，烤得滋滋冒油，一口下去，味道层次超丰富，喜欢尝试新鲜口味的宝子绝对不能错过！木薯羹：吖姆糖水家的木薯羹性价比超高！木薯软糯香甜，搭配上浓郁的汤汁，冰冰凉凉的，特别适合解腻，是夏日必备甜品景点安利青秀山真的超值得一去！这里风景绝美，绿植茂盛，随手拍都是氛围感大片。无论是漫步在山间小道，还是登上高处俯瞰南宁全景，都能收获满满的好心情还去了wmls开的没有东西玩具店探店！店内布置超有特色，满满的都是情怀，还能和大卜合影，wmls一定不要错过！！出行提醒一定要提前买高铁票！我们就是没提前买，只能赶最早600那班车，五点多就起床，困到不行。南宁真的是一个充满魅力的城市，美食多、风景好，太爱了！跟好朋友一起来真的太开心啦，一路上都是欢声笑语的，南宁我们喜欢你，下次还会再来滴南宁旅行南宁美食南宁打卡南宁旅游攻略深圳出发南宁老友粉卷筒粉广西旅游小众旅行地广西旅游攻略酸嘢推荐南宁果酱烧烤南宁美食攻略大学生旅游攻略,992,481,54,https://www.xiaohongshu.com/explore/6859b388000000000b01ea15?xsec_token=ABzmNB4l8Uhsgz2YhnGHS8B79hxDp7bOOY2epj65YSkxU=&xsec_source=pc_search
未知博主,实时！青秀山等着看打铁花的人！小红书,据说要等到晚上8点才有！我不看了！直接看完灯会走咯！,14,8,21,https://www.xiaohongshu.com/explore/6996eaa8000000000d0096cc?xsec_token=ABBh620gnukTQePWO27T--85gul9X-cBDTQLYEAlc9fr0=&xsec_source=pc_search
未知博主,南宁青秀山把紫色浪漫开在春天里小红书,马缨丹又盛开啦，开成梦幻紫毯，搭配孤独树的树，氛围感拉满。不用去远方，青秀山就有浪漫花海青秀山东门丘石花园音乐大草坪南宁青秀山青秀山马缨丹南宁拍照南宁花海春日氛围感写真南宁旅游,202,19,28,https://www.xiaohongshu.com/explore/69969f7f000000001a021fcb?xsec_token=ABBh620gnukTQePWO27T--87k9JkM869zX95BDoOLMu-0=&xsec_source=pc_search
未知博主,青秀山新春活动时间表来了！小红书,无内容,212,269,38,https://www.xiaohongshu.com/explore/6980b06d000000000a03f6e5?xsec_token=AB6HpnQHtkmGYi4JPLFmLKwGcMOIp-2Ah-5jGqEReYdrc=&xsec_source=pc_search
未知博主,南宁吸氧天花板闯入市区的绿野仙踪秘小红书,南宁市区藏着一座绿荫梦工厂，每口呼吸都是森林的味道地址与交通西门：地铁三号线直达秀青山站东门北门：建议打车或者是地铁站一号线（万象城站凤岭站）距离较远需要换乘公交车北门：自驾导航南宁青秀山（北门）停车场（有充电桩有停车占用费）乘坐B10路、32路、W34路、121路、122路、608路公交车到青秀山北门站，步行即可到达。路线：北门入园一荫生植物园一兰园一观音禅寺一穿越古今打卡点一环山秀坪一荷花池一水生花园一叶子花园一gt东门出园。亮点景点荫生植物园：必打卡！阳光穿过绿植，配合定时喷雾，仙气十足，像走进了爱丽丝仙境。建议早上9点前入园，可以包场拍照。观音禅寺：可以请香祈福，门口的无畏咖啡很有禅意，适合歇脚拍照。穿越古今打卡点：网红机位，用框式构图拍远处的龙象塔，很有感觉。晚上亮灯后夜景更绝！水生花园：包含莫奈花园和叶子花园，高大的美人蕉和三角梅花海非常出片，随手一拍都是油画感。门票与时间开放时间：6002400门票：可以提前在官网小程序买票或是在门口当场买一样的注意的是票分两种一种是（买一票3游）（一票非3日游）凭身份证或电子票园内交通：观光车（5次）小火车（10次）都是单程票必拍机位推荐（核心部分）1雾森雨林区：每整点会喷水雾（问清时间），简直是仙境本境！穿白裙子来拍绝美。2巨型藤蔓长廊：阳光洒下来光影斑驳，适合拍奔跑或背影的电影感镜头。3温室奇观馆：各种热带奇花异草，和巨大的龟背竹、鹿角蕨合影，秒变丛林精灵。4静谧水杉林：笔直的水杉倒映在水中，秋季来颜色层次更丰富。穿搭与Tips·穿搭：推荐白色、米色、浅绿的裙子或森系服装，汉服也很出片！·必备：驱蚊水！驱蚊水！驱蚊水！重要的事情说三遍。·其他：园内遮阴好，但也要注意防晒；穿好走的鞋子；可以带点水和零食。游玩感受在这里时间都慢了下来，只有风吹树叶的沙沙声和鸟鸣。非常适合周末来放松充电，带小朋友来也是很好的自然课堂。已经想好了，下次要带本书来，坐在长椅上发呆一下午。南宁秀青山绿荫植物园城市里的私藏秘境走进天然大氧吧,5,2,2,https://www.xiaohongshu.com/explore/6933048a000000001f0070c0?xsec_token=ABPGe86kTq7Jfo6YHCh4jBxo3rAvjpkrFt88SvcPONoiY=&xsec_source=pc_search
未知博主,青秀山好好拍小红书,无内容,45,13,4,https://www.xiaohongshu.com/explore/67fe65a8000000000e007b8e?xsec_token=ABL58aFc0udQYFMftvF0vR-RiRdTgIFmqcZV-hk-acyEk=&xsec_source=pc_search
未知博主,青秀山的郁金香也太好拍了吧！小红书,一键播放春天交换春天青秀山青秀山郁金香风开始有了郁金香的味道郁金香浪漫的不止玫瑰还有郁金香郁金香拍照,8,1,0,https://www.xiaohongshu.com/explore/69880f50000000000e03e73c?xsec_token=ABCZM_r2yZNSgOENbDmeLgD-Q2aas-NY9bl4pmzP2lUSg=&xsec_source=pc_search
未知博主,闯入了南宁的绿野仙踪小红书,呜呜呜好天气的青秀山真的太绝啦贼好拍刚进园的时候热到怀疑人生但进到树阴下闲逛着又舒服了好多青秀山面积非常之大我们只去了冰山一角而已很值得来一趟：20：观光车5小火车10里面的小火车观光车很方便不过要看好时间观光车6点就停运了南宁拍照南宁青秀山一起去森林吸氧南宁周末好出处南宁旅游攻略来拍照了童话里的绿野仙踪南宁萌生植物园ccd拍照,23,8,5,https://www.xiaohongshu.com/explore/68c25056000000001d025eb7?xsec_token=AB-KcMAK89Po3JlGxNV1MdZHUjukTiYF2OiXTokbkBC8E=&xsec_source=pc_search
未知博主,推荐一个青秀山灯会后丝滑离场方式大年初二去了青秀山灯会，人太多了，无人机秀结束后顺着人流快走从从音乐大草坪到东门二十多分钟，一看门口聚集了大批打车的游客，网络也不太稳定，果断放弃，选择了共享电动车，顺利丝滑离开，和大家分享下。具体是从东门出来，右转一直往前走，路过停车场出口后再走一小段就到了，地址就在图片的起点，很多哈啰，也有少量美团等其他车，骑上到前面路口掉头就可以回市区啦小红书,推荐一个青秀山灯会后丝滑离场方式大年初二去了青秀山灯会，人太多了，无人机秀结束后顺着人流快走从从音乐大草坪到东门二十多分钟，一看门口聚集了大批打车的游客，网络也不太稳定，果断放弃，选择了共享电动车，顺利丝滑离开，和大家分享下。具体是从东门出来，右转一直往前走，路过停车场出口后再走一小段就到了，地址就在图片的起点，很多哈啰，也有少量美团等其他车，骑上到前面路口掉头就可以回市区啦,116,115,65,https://www.xiaohongshu.com/explore/699655ad000000001a0365bc?xsec_token=ABBh620gnukTQePWO27T--8yGVqhMlj_66LERV_a_-fi0=&xsec_source=pc_search
未知博主,南宁一万次的春和景明，9999次是青秀山给的小红书,春天的青秀山就是南宁的春明景和一键播放春天交换春天南宁南宁旅游青秀山春天开幕式花情实况播报,183,46,25,https://www.xiaohongshu.com/explore/67ea6fa30000000009014b0e?xsec_token=ABOz8MB_IheI7B8mfi9lY7xMv20Ao7LI7WQSlq7ZP6lpg=&xsec_source=pc_search
未知博主,兜兜南宁的每个角落！小红书,路线及游玩Day1：上午：前往青秀山（门票20元），8：30前入园，乘坐观光车（50元通票）前往龙象塔，登顶俯瞰南宁全景，还可参观棕榈园、兰园等景点。中午：下山后去复记老友粉品尝老友牛肉粉。下午：游览南湖公园，可租辆自行车沿湖骑行，傍晚在名树博览园散步等待日落。晚上：前往中山路美食街，品尝酸嘢、田螺鸭脚煲等特色小吃。Day2：上午：9点前到达广西民族博物馆（免费，需提前预约），了解壮族文化、铜鼓历史等，还可租借壮族服饰拍照。中午：前往甘家界牌柠檬鸭就餐，品尝南宁招牌菜柠檬鸭。下午：游玩三街两巷，欣赏骑楼古建筑，打卡南宁城隍庙。晚上：前往建政路小吃街，品尝阿婆糯米饭、覃叔牛杂等。Day3：上午：若喜欢动物，可去南宁动物园（门票45元），看大熊猫团宠和离堆等。中午：在动物园附近简餐，推荐老友粉等地道风味。下午：根据返程时间自由安排，可前往朝阳广场附近的南宁百货大楼购买黄胜记肉脯横县茉莉花茶等特产，然后返程。交通外部交通：飞机可选择吴圩机场，有机场大巴和地铁直达市区；高铁优先选择南宁东站，交通便利。市内交通：地铁可覆盖大部分景点，可在支付宝领取南宁轨道交通卡；青秀区内逛吃骑共享单车较为方便；打车可使用滴滴等平台。从南宁东站到青秀区乘坐地铁1号线约20分钟，票价5元左右。美食正餐推荐：萬國酒家非遗技艺传承味道，老牌餐厅，人均约80元；桂小厨广西菜（万象城店），人均约70元；米马河（竹塘路总店），人均约60元。特色小吃：舒记老友粉（七星路店），人均约25元；梁阿婆廿年老牌扣肉糯米饭，人均约15元；邕味老友，人均约20元。住宿豪华型：南宁香格里拉酒店，价格8001500元晚；南宁龙光那莲豪华精选酒店，价格10002000元晚；南宁荔园维景国际大酒店，价格6001200元晚。性价比型：如家精选、维也纳国际等，标间约280400元晚。费用总计门票：青秀山20元南宁动物园45元65元（广西民族博物馆免费）。交通：市内交通按50元估算。美食：餐饮费用每天按100150元估算，3天约300450元。住宿：性价比型酒店两晚约560800元，豪华型酒店两晚约16004000元。,660,459,22,https://www.xiaohongshu.com/explore/68d9f621000000001203d347?xsec_token=ABs6osGWAlVKeEfmSyQbciAFGaibK7hAMCEJ5DHG-Nqis=&xsec_source=pc_search
未知博主,已不是记忆里小时候的青秀山了小红书,记得小时候春秋游都会去青秀山里面的每一处特别是环山秀坪都记忆深刻感觉做小孩还是很好的不需要顾虑担心，就是放开了玩如今长大了再回到青秀山感受就是怎么这么大！这么热！这么累！熟悉了快节奏的生活已经很难停下脚步欣赏眼前的美景了但还是需要有一双善于发现美的眼睛！假期还是吃了不少粉，哈哈哈我好爱吃粉也陪妈妈看了电影买了衣服爬了山有时间就要多陪陪妈妈！每次嘴硬说下次再也不会回来了但到了末尾总会很感慨时间过的好快真有些不舍下午独自一个人骑着电车回家眼眶莫名就红了湿润了真的是很奇妙很复杂很矛盾的感受好啦，愿平安健康，万事顺遂，天天开心！ISFJ碎碎念睡前故事多出门走走多陪陪家人多看看世界我想让我开心一点,46,1,6,https://www.xiaohongshu.com/explore/6999c3f7000000000c036abc?xsec_token=ABb6dD341N0uJFZhNHFQ62YX6kwoABlX8pMViAuS-7gnE=&xsec_source=pc_search
未知博主,青秀山阴天值得去吗？想要拍点好看的照片，但是害怕都是灰蒙蒙的感觉小红书,青秀山阴天值得去吗？想要拍点好看的照片，但是害怕都是灰蒙蒙的感觉,1,0,7,https://www.xiaohongshu.com/explore/696bbe6f000000001a027c62?xsec_token=ABQd46BWXh6jznILkDP4bm75x4FgFYGAEoVIjPHgmmfJw=&xsec_source=pc_search
未知博主,报告：南宁青秀山就这么爬！小红书,哈喽友友们，我是媛宝答应你们的南宁青秀山，3小时打卡绝美机位（优雅不累人版）来喽清秀山整体园区面积超级大！纯腿儿着的话走一天都逛不完下面这条路线适合出来玩不想太累，又能打卡到每一个绝美机位的宝贝们，快来码住！！（地图放最后）交通工具：地铁三号线直达西门清秀山内交通工具大致分两种：观光车（5元次），小火车（10元次）注意注意下车再上车就要再收一次费用喽门票：20元（我觉得这是我买过最超值的门票！）行程路线：1观音禅寺一定从西门进！进门直奔左手边坐1号观光车观音禅寺站下车就到了小地坛仰拍好看！（可以求签哦，10元一签，求完以后旁边有解签的师兄，告诉她你求哪方面的就行她就会帮你解签啦）2古今穿越机位观音禅寺出门右手边桃花坞方向走300米左右下楼梯就到了古今穿越机位，超现实主义俯拍绝美超出片3网红草坪楼梯上来继续往前走到桃花坞站坐2号观光车环山秀坪站下车就到了有孔雀的大草坪，我去的那天还有夫妻在拍婚纱照，非常出片了（沿途很多景点按需下车玩耍就行，玩儿完咱们就继续上车）4莫奈花园继续上2号观光车到北门下车转3号小火车水生花园站下车（你就拍吧！宫崎骏的童话世界，每一个布景都非常用心，都嘎嘎美）5荫生植物园坐3号小火车返程到北门步行至荫生植物园（大大的景区网红，15分钟喷一次水，喷水后像上了天庭一样，有专业摄影师在那蹲点，有需要的可以为美丽付费，当然了也可以借鉴一下他们的同款机位）穿搭建议：浅色系跟清秀山明艳的色彩适配度更高整体看下来，日系极简穿搭或者仙仙的小裙子拍照老漂酿了！！小小提示：晴天更出片，提前看天气！做好防晒！不拍照的时候请狠狠捂住，紫外线很强很强防晒伤蚊虫不少带好驱蚊水或驱蚊贴哦快拉上你的拍照搭子狠狠出片吧！旅游万粉扶持计划春天就要上春山户外赏花地图广西南宁我的博物馆不白逛pocket3城市里的绝美公园170薯队长生活薯小红书成长笔记小红书创作助手,814,762,33,https://www.xiaohongshu.com/explore/684562a800000000030383b0?xsec_token=ABTNqF1QXnqHUy2ns95v3QDuLPE0yQ5WzxLM_Eh8z9VEI=&xsec_source=pc_search
未知博主,青秀山表情包只剩一个了小红书,今天看到的，另一个去哪啦？青秀山就要逛公园青秀山东门,4032,257,587,https://www.xiaohongshu.com/explore/6978b9b80000000022039ad4?xsec_token=AB8Zpn25LeWlVNEEhfpv5u535d5i8InQg02l9s-QQK3Vc=&xsec_source=pc_search
未知博主,南宁旅游这些景点必冲！小红书,来南宁必打卡的宝藏景点不看后悔宝子们，想知道南宁有哪些必打卡的宝藏景点吗？别纠结啦，看这篇就够，带你玩转南宁！南宁动物园：门票50元左右，开放时间08001800。位于西乡塘区大学东路73号，交通超便利，地铁可直达。这里不仅能看到可爱的大熊猫绩美绩兰，还有超多神奇动物。网红黑猩猩活泼有趣，运气好还能看到它们的搞怪瞬间，动物明星齐聚，萌趣满满！南湖公园：免门票，全天开放。地处青秀区，公交、自驾都方便。湖水清澈，绿植环绕，傍晚沿着湖边散步，欣赏落日余晖，惬意又浪漫，还能在草坪野餐，享受悠闲时光。青秀山：门票20元左右，开放时间07001800。位于青秀区凤岭南路6号，可乘公交或打车前往。作为5A级景区，它是南宁的绿肺。登上龙象塔，俯瞰邕江美景；漫步千年苏铁园，看珍稀苏铁；春季去桃花岛，邂逅烂漫花海，一步一景，处处皆画。广西民族博物馆：免费参观（需提前预约），开放时间09301700（周一闭馆）。在青环路11号，靠近青秀山。这里展示着丰富的广西民族文化，精美的壮族服饰、独特的铜鼓，深入了解少数民族风情，感受文化魅力。方特东盟神话：标准票299元左右，开放时间10002200。位于青秀区青环路66号，交通便捷。室内项目带你穿越东盟十国，体验高科技与文化的碰撞，能看到吴哥窟、鱼尾狮，玩一天就能领略东南亚风情。三街两巷：免门票，全天开放。地处兴宁区民生路步行街附近，地铁直达。明清风格建筑古色古香，夜晚灯火辉煌，有各种特色小吃、手工艺品店，能品尝老友粉，感受老南宁的烟火气。宝子们，收拾行囊，来南宁开启一场难忘的旅行吧！南宁旅游南宁景点广西旅游,245,205,4,https://www.xiaohongshu.com/explore/682de75e000000002100feb3?xsec_token=ABRhcta30lLsTf59DWpEuuec5-s2Tas4H2jH53vzly8eE=&xsec_source=pc_search
未知博主,2月20日南宁青秀山小红书,绝，太绝了灯会青秀山,59,7,38,https://www.xiaohongshu.com/explore/69995e2e000000001503b87b?xsec_token=ABb6dD341N0uJFZhNHFQ62YUSoPjmwn2fGEzZY8750rJc=&xsec_source=pc_search
未知博主,谁能拒绝青秀山的郁金香花海呢小红书,太爽了感觉整个花园都是自己的！！超级漂亮的郁金香花海南宁青秀山青秀山攻略郁金香春天开幕式一键播放春天南宁安心家装选创艺,4,0,1,https://www.xiaohongshu.com/explore/699e7f02000000001a01d02a?xsec_token=ABi8n4xnI00PHyPWIuQZ2MJ8K-rTNP3T117iPZGiTK0SY=&xsec_source=pc_search
